solid glazing
  facet normal 0.777433 0.628966 0.000000
    outer loop
      vertex 3.74941 9.22275 2.55193
      vertex 3.79622 9.16488 2.47000
      vertex 3.74941 9.22275 0.00000
    endloop
  endfacet
  facet normal 0.777433 0.628966 0.000000
    outer loop
      vertex 3.70259 9.28062 2.63385
      vertex 3.74941 9.22275 2.55193
      vertex 3.70259 9.28062 0.00000
    endloop
  endfacet
  facet normal 0.777433 0.628966 0.000000
    outer loop
      vertex 3.79622 9.16488 2.47000
      vertex 3.79622 9.16488 0.00000
      vertex 3.74941 9.22275 0.00000
    endloop
  endfacet
  facet normal 0.777433 0.628966 0.000000
    outer loop
      vertex 3.74941 9.22275 2.55193
      vertex 3.74941 9.22275 0.00000
      vertex 3.70259 9.28062 0.00000
    endloop
  endfacet
  facet normal 0.835656 0.549253 0.000000
    outer loop
      vertex 3.61415 9.41518 2.79151
      vertex 3.70259 9.28062 2.63385
      vertex 3.61415 9.41518 0.00000
    endloop
  endfacet
  facet normal 0.835656 0.549253 0.000000
    outer loop
      vertex 3.70259 9.28062 2.63385
      vertex 3.70259 9.28062 0.00000
      vertex 3.61415 9.41518 0.00000
    endloop
  endfacet
  facet normal 0.851364 0.524576 0.000000
    outer loop
      vertex 3.52614 9.55801 2.94847
      vertex 3.61415 9.41518 2.79151
      vertex 3.52614 9.55801 0.00000
    endloop
  endfacet
  facet normal 0.851364 0.524576 0.000000
    outer loop
      vertex 3.61415 9.41518 2.79151
      vertex 3.61415 9.41518 0.00000
      vertex 3.52614 9.55801 0.00000
    endloop
  endfacet
  facet normal 0.856860 0.515549 0.000000
    outer loop
      vertex 3.43708 9.70602 3.10636
      vertex 3.52614 9.55801 2.94847
      vertex 3.43708 9.70602 0.00000
    endloop
  endfacet
  facet normal 0.856860 0.515549 0.000000
    outer loop
      vertex 3.52614 9.55801 2.94847
      vertex 3.52614 9.55801 0.00000
      vertex 3.43708 9.70602 0.00000
    endloop
  endfacet
  facet normal 0.857153 0.515061 0.000000
    outer loop
      vertex 3.39161 9.78170 3.18614
      vertex 3.43708 9.70602 3.10636
      vertex 3.39161 9.78170 0.00000
    endloop
  endfacet
  facet normal 0.857152 0.515064 0.000000
    outer loop
      vertex 3.34613 9.85738 3.26593
      vertex 3.39161 9.78170 3.18614
      vertex 3.34613 9.85738 0.00000
    endloop
  endfacet
  facet normal 0.857153 0.515061 0.000000
    outer loop
      vertex 3.43708 9.70602 3.10636
      vertex 3.43708 9.70602 0.00000
      vertex 3.39161 9.78170 0.00000
    endloop
  endfacet
  facet normal 0.857152 0.515064 0.000000
    outer loop
      vertex 3.39161 9.78170 3.18614
      vertex 3.39161 9.78170 0.00000
      vertex 3.34613 9.85738 0.00000
    endloop
  endfacet
  facet normal 0.854016 0.520247 0.000000
    outer loop
      vertex 3.25269 10.01076 3.42750
      vertex 3.34613 9.85738 3.26593
      vertex 3.25269 10.01076 0.00000
    endloop
  endfacet
  facet normal 0.854016 0.520247 0.000000
    outer loop
      vertex 3.34613 9.85738 3.26593
      vertex 3.34613 9.85738 0.00000
      vertex 3.25269 10.01076 0.00000
    endloop
  endfacet
  facet normal 0.848244 0.529606 0.000000
    outer loop
      vertex 3.20452 10.08793 3.50932
      vertex 3.25269 10.01076 3.42750
      vertex 3.20452 10.08793 0.00000
    endloop
  endfacet
  facet normal 0.848242 0.529609 0.000000
    outer loop
      vertex 3.15634 10.16509 3.59114
      vertex 3.20452 10.08793 3.50932
      vertex 3.15634 10.16509 0.00000
    endloop
  endfacet
  facet normal 0.848244 0.529606 0.000000
    outer loop
      vertex 3.25269 10.01076 3.42750
      vertex 3.25269 10.01076 0.00000
      vertex 3.20452 10.08793 0.00000
    endloop
  endfacet
  facet normal 0.848242 0.529609 0.000000
    outer loop
      vertex 3.20452 10.08793 3.50932
      vertex 3.20452 10.08793 0.00000
      vertex 3.15634 10.16509 0.00000
    endloop
  endfacet
  facet normal 0.840210 0.542262 0.000000
    outer loop
      vertex 3.05675 10.31941 3.75668
      vertex 3.15634 10.16509 3.59114
      vertex 3.05675 10.31941 0.00000
    endloop
  endfacet
  facet normal 0.840210 0.542262 0.000000
    outer loop
      vertex 3.15634 10.16509 3.59114
      vertex 3.15634 10.16509 0.00000
      vertex 3.05675 10.31941 0.00000
    endloop
  endfacet
  facet normal 0.830087 0.557633 0.000000
    outer loop
      vertex 2.95365 10.47287 3.92378
      vertex 3.05675 10.31941 3.75668
      vertex 2.95365 10.47287 0.00000
    endloop
  endfacet
  facet normal 0.830087 0.557633 0.000000
    outer loop
      vertex 3.05675 10.31941 3.75668
      vertex 3.05675 10.31941 0.00000
      vertex 2.95365 10.47287 0.00000
    endloop
  endfacet
  facet normal 0.817946 0.575295 0.000000
    outer loop
      vertex 2.90026 10.54878 4.00788
      vertex 2.95365 10.47287 3.92378
      vertex 2.90026 10.54878 0.00000
    endloop
  endfacet
  facet normal 0.817946 0.575295 0.000000
    outer loop
      vertex 2.84688 10.62468 4.09198
      vertex 2.90026 10.54878 4.00788
      vertex 2.84688 10.62468 0.00000
    endloop
  endfacet
  facet normal 0.817946 0.575295 0.000000
    outer loop
      vertex 2.95365 10.47287 3.92378
      vertex 2.95365 10.47287 0.00000
      vertex 2.90026 10.54878 0.00000
    endloop
  endfacet
  facet normal 0.817946 0.575295 0.000000
    outer loop
      vertex 2.90026 10.54878 4.00788
      vertex 2.90026 10.54878 0.00000
      vertex 2.84688 10.62468 0.00000
    endloop
  endfacet
  facet normal 0.803769 0.594942 0.000000
    outer loop
      vertex 2.79158 10.69940 4.17632
      vertex 2.84688 10.62468 4.09198
      vertex 2.79158 10.69940 0.00000
    endloop
  endfacet
  facet normal 0.803771 0.594938 0.000000
    outer loop
      vertex 2.73627 10.77411 4.26066
      vertex 2.79158 10.69940 4.17632
      vertex 2.73627 10.77411 0.00000
    endloop
  endfacet
  facet normal 0.803769 0.594942 0.000000
    outer loop
      vertex 2.84688 10.62468 4.09198
      vertex 2.84688 10.62468 0.00000
      vertex 2.79158 10.69940 0.00000
    endloop
  endfacet
  facet normal 0.803771 0.594938 0.000000
    outer loop
      vertex 2.79158 10.69940 4.17632
      vertex 2.79158 10.69940 0.00000
      vertex 2.73627 10.77411 0.00000
    endloop
  endfacet
  facet normal 0.787501 0.616313 0.000000
    outer loop
      vertex 2.62176 10.92043 4.42911
      vertex 2.73627 10.77411 4.26066
      vertex 2.62176 10.92043 0.00000
    endloop
  endfacet
  facet normal 0.787501 0.616313 0.000000
    outer loop
      vertex 2.73627 10.77411 4.26066
      vertex 2.73627 10.77411 0.00000
      vertex 2.62176 10.92043 0.00000
    endloop
  endfacet
  facet normal 0.769053 0.639185 0.000000
    outer loop
      vertex 2.50329 11.06297 4.59654
      vertex 2.62176 10.92043 4.42911
      vertex 2.50329 11.06297 0.00000
    endloop
  endfacet
  facet normal 0.769053 0.639185 0.000000
    outer loop
      vertex 2.62176 10.92043 4.42911
      vertex 2.62176 10.92043 0.00000
      vertex 2.50329 11.06297 0.00000
    endloop
  endfacet
  facet normal 0.748308 0.663351 0.000000
    outer loop
      vertex 2.44208 11.13202 4.67929
      vertex 2.50329 11.06297 4.59654
      vertex 2.44208 11.13202 0.00000
    endloop
  endfacet
  facet normal 0.748307 0.663352 0.000000
    outer loop
      vertex 2.38086 11.20108 4.76204
      vertex 2.44208 11.13202 4.67929
      vertex 2.38086 11.20108 0.00000
    endloop
  endfacet
  facet normal 0.748308 0.663351 0.000000
    outer loop
      vertex 2.50329 11.06297 4.59654
      vertex 2.50329 11.06297 0.00000
      vertex 2.44208 11.13202 0.00000
    endloop
  endfacet
  facet normal 0.748307 0.663352 0.000000
    outer loop
      vertex 2.44208 11.13202 4.67929
      vertex 2.44208 11.13202 0.00000
      vertex 2.38086 11.20108 0.00000
    endloop
  endfacet
  facet normal 0.725135 0.688607 0.000000
    outer loop
      vertex 2.31768 11.26761 4.84336
      vertex 2.38086 11.20108 4.76204
      vertex 2.31768 11.26761 0.00000
    endloop
  endfacet
  facet normal 0.725129 0.688613 0.000000
    outer loop
      vertex 2.25450 11.33414 4.92467
      vertex 2.31768 11.26761 4.84336
      vertex 2.25450 11.33414 0.00000
    endloop
  endfacet
  facet normal 0.725135 0.688607 0.000000
    outer loop
      vertex 2.38086 11.20108 4.76204
      vertex 2.38086 11.20108 0.00000
      vertex 2.31768 11.26761 0.00000
    endloop
  endfacet
  facet normal 0.725129 0.688613 0.000000
    outer loop
      vertex 2.31768 11.26761 4.84336
      vertex 2.31768 11.26761 0.00000
      vertex 2.25450 11.33414 0.00000
    endloop
  endfacet
  facet normal 0.699383 0.714747 0.000000
    outer loop
      vertex 2.18939 11.39785 5.00405
      vertex 2.25450 11.33414 4.92467
      vertex 2.18939 11.39785 0.00000
    endloop
  endfacet
  facet normal 0.699384 0.714746 0.000000
    outer loop
      vertex 2.12428 11.46157 5.08343
      vertex 2.18939 11.39785 5.00405
      vertex 2.12428 11.46157 0.00000
    endloop
  endfacet
  facet normal 0.699383 0.714747 0.000000
    outer loop
      vertex 2.25450 11.33414 4.92467
      vertex 2.25450 11.33414 0.00000
      vertex 2.18939 11.39785 0.00000
    endloop
  endfacet
  facet normal 0.699384 0.714746 0.000000
    outer loop
      vertex 2.18939 11.39785 5.00405
      vertex 2.18939 11.39785 0.00000
      vertex 2.12428 11.46157 0.00000
    endloop
  endfacet
  facet normal 0.670910 0.741538 0.000000
    outer loop
      vertex 2.05728 11.52218 5.16035
      vertex 2.12428 11.46157 5.08343
      vertex 2.05728 11.52218 0.00000
    endloop
  endfacet
  facet normal 0.670911 0.741538 0.000000
    outer loop
      vertex 1.99029 11.58279 5.23728
      vertex 2.05728 11.52218 5.16035
      vertex 1.99029 11.58279 0.00000
    endloop
  endfacet
  facet normal 0.670910 0.741538 0.000000
    outer loop
      vertex 2.12428 11.46157 5.08343
      vertex 2.12428 11.46157 0.00000
      vertex 2.05728 11.52218 0.00000
    endloop
  endfacet
  facet normal 0.670911 0.741538 0.000000
    outer loop
      vertex 2.05728 11.52218 5.16035
      vertex 2.05728 11.52218 0.00000
      vertex 1.99029 11.58279 0.00000
    endloop
  endfacet
  facet normal 0.639562 0.768739 0.000000
    outer loop
      vertex 1.85267 11.69729 5.38515
      vertex 1.99029 11.58279 5.23728
      vertex 1.85267 11.69729 0.00000
    endloop
  endfacet
  facet normal 0.639562 0.768739 0.000000
    outer loop
      vertex 1.99029 11.58279 5.23728
      vertex 1.99029 11.58279 0.00000
      vertex 1.85267 11.69729 0.00000
    endloop
  endfacet
  facet normal 0.605210 0.796066 0.000000
    outer loop
      vertex 1.71158 11.80455 5.52600
      vertex 1.85267 11.69729 5.38515
      vertex 1.71158 11.80455 0.00000
    endloop
  endfacet
  facet normal 0.605210 0.796066 0.000000
    outer loop
      vertex 1.85267 11.69729 5.38515
      vertex 1.85267 11.69729 0.00000
      vertex 1.71158 11.80455 0.00000
    endloop
  endfacet
  facet normal 0.567728 0.823216 0.000000
    outer loop
      vertex 1.56721 11.90412 5.65877
      vertex 1.71158 11.80455 5.52600
      vertex 1.56721 11.90412 0.00000
    endloop
  endfacet
  facet normal 0.567728 0.823216 0.000000
    outer loop
      vertex 1.71158 11.80455 5.52600
      vertex 1.71158 11.80455 0.00000
      vertex 1.56721 11.90412 0.00000
    endloop
  endfacet
  facet normal 0.527035 0.849843 0.000000
    outer loop
      vertex 1.49349 11.94983 5.72061
      vertex 1.56721 11.90412 5.65877
      vertex 1.49349 11.94983 0.00000
    endloop
  endfacet
  facet normal 0.527027 0.849849 0.000000
    outer loop
      vertex 1.41977 11.99555 5.78245
      vertex 1.49349 11.94983 5.72061
      vertex 1.41977 11.99555 0.00000
    endloop
  endfacet
  facet normal 0.527035 0.849843 0.000000
    outer loop
      vertex 1.56721 11.90412 5.65877
      vertex 1.56721 11.90412 0.00000
      vertex 1.49349 11.94983 0.00000
    endloop
  endfacet
  facet normal 0.527027 0.849849 0.000000
    outer loop
      vertex 1.49349 11.94983 5.72061
      vertex 1.49349 11.94983 0.00000
      vertex 1.41977 11.99555 0.00000
    endloop
  endfacet
  facet normal 0.483072 0.875581 0.000000
    outer loop
      vertex 1.34463 12.03700 5.83925
      vertex 1.41977 11.99555 5.78245
      vertex 1.34463 12.03700 0.00000
    endloop
  endfacet
  facet normal 0.483071 0.875581 0.000000
    outer loop
      vertex 1.26950 12.07846 5.89605
      vertex 1.34463 12.03700 5.83925
      vertex 1.26950 12.07846 0.00000
    endloop
  endfacet
  facet normal 0.483072 0.875581 0.000000
    outer loop
      vertex 1.41977 11.99555 5.78245
      vertex 1.41977 11.99555 0.00000
      vertex 1.34463 12.03700 0.00000
    endloop
  endfacet
  facet normal 0.483071 0.875581 0.000000
    outer loop
      vertex 1.34463 12.03700 5.83925
      vertex 1.34463 12.03700 0.00000
      vertex 1.26950 12.07846 0.00000
    endloop
  endfacet
  facet normal 0.435867 0.900011 0.000000
    outer loop
      vertex 1.19308 12.11547 5.94735
      vertex 1.26950 12.07846 5.89605
      vertex 1.19308 12.11547 0.00000
    endloop
  endfacet
  facet normal 0.435867 0.900011 0.000000
    outer loop
      vertex 1.11666 12.15248 5.99866
      vertex 1.19308 12.11547 5.94735
      vertex 1.11666 12.15248 0.00000
    endloop
  endfacet
  facet normal 0.435867 0.900011 0.000000
    outer loop
      vertex 1.26950 12.07846 5.89605
      vertex 1.26950 12.07846 0.00000
      vertex 1.19308 12.11547 0.00000
    endloop
  endfacet
  facet normal 0.435867 0.900011 0.000000
    outer loop
      vertex 1.19308 12.11547 5.94735
      vertex 1.19308 12.11547 0.00000
      vertex 1.11666 12.15248 0.00000
    endloop
  endfacet
  facet normal 0.385493 0.922711 0.000000
    outer loop
      vertex 1.03909 12.18488 6.04404
      vertex 1.11666 12.15248 5.99866
      vertex 1.03909 12.18488 0.00000
    endloop
  endfacet
  facet normal 0.385483 0.922715 0.000000
    outer loop
      vertex 0.96152 12.21729 6.08943
      vertex 1.03909 12.18488 6.04404
      vertex 0.96152 12.21729 0.00000
    endloop
  endfacet
  facet normal 0.385493 0.922711 0.000000
    outer loop
      vertex 1.11666 12.15248 5.99866
      vertex 1.11666 12.15248 0.00000
      vertex 1.03909 12.18488 0.00000
    endloop
  endfacet
  facet normal 0.385483 0.922715 0.000000
    outer loop
      vertex 1.03909 12.18488 6.04404
      vertex 1.03909 12.18488 0.00000
      vertex 0.96152 12.21729 0.00000
    endloop
  endfacet
  facet normal 0.332094 0.943246 0.000000
    outer loop
      vertex 0.88296 12.24495 6.12852
      vertex 0.96152 12.21729 6.08943
      vertex 0.88296 12.24495 0.00000
    endloop
  endfacet
  facet normal 0.332104 0.943243 0.000000
    outer loop
      vertex 0.80439 12.27261 6.16760
      vertex 0.88296 12.24495 6.12852
      vertex 0.80439 12.27261 0.00000
    endloop
  endfacet
  facet normal 0.332094 0.943246 0.000000
    outer loop
      vertex 0.96152 12.21729 6.08943
      vertex 0.96152 12.21729 0.00000
      vertex 0.88296 12.24495 0.00000
    endloop
  endfacet
  facet normal 0.332104 0.943243 0.000000
    outer loop
      vertex 0.88296 12.24495 6.12852
      vertex 0.88296 12.24495 0.00000
      vertex 0.80439 12.27261 0.00000
    endloop
  endfacet
  facet normal 0.275933 0.961177 0.000000
    outer loop
      vertex 0.64557 12.31821 6.23250
      vertex 0.80439 12.27261 6.16760
      vertex 0.64557 12.31821 0.00000
    endloop
  endfacet
  facet normal 0.275933 0.961177 0.000000
    outer loop
      vertex 0.80439 12.27261 6.16760
      vertex 0.80439 12.27261 0.00000
      vertex 0.64557 12.31821 0.00000
    endloop
  endfacet
  facet normal 0.217351 0.976094 0.000000
    outer loop
      vertex 0.48539 12.35387 6.28358
      vertex 0.64557 12.31821 6.23250
      vertex 0.48539 12.35387 0.00000
    endloop
  endfacet
  facet normal 0.217351 0.976094 0.000000
    outer loop
      vertex 0.64557 12.31821 6.23250
      vertex 0.64557 12.31821 0.00000
      vertex 0.48539 12.35387 0.00000
    endloop
  endfacet
  facet normal 0.156755 0.987638 0.000000
    outer loop
      vertex 0.40478 12.36667 6.30199
      vertex 0.48539 12.35387 6.28358
      vertex 0.40478 12.36667 0.00000
    endloop
  endfacet
  facet normal 0.156766 0.987636 0.000000
    outer loop
      vertex 0.32417 12.37946 6.32039
      vertex 0.40478 12.36667 6.30199
      vertex 0.32417 12.37946 0.00000
    endloop
  endfacet
  facet normal 0.156755 0.987638 0.000000
    outer loop
      vertex 0.48539 12.35387 6.28358
      vertex 0.48539 12.35387 0.00000
      vertex 0.40478 12.36667 0.00000
    endloop
  endfacet
  facet normal 0.156766 0.987636 0.000000
    outer loop
      vertex 0.40478 12.36667 6.30199
      vertex 0.40478 12.36667 0.00000
      vertex 0.32417 12.37946 0.00000
    endloop
  endfacet
  facet normal 0.094666 0.995509 0.000000
    outer loop
      vertex 0.24321 12.38716 6.33150
      vertex 0.32417 12.37946 6.32039
      vertex 0.24321 12.38716 0.00000
    endloop
  endfacet
  facet normal 0.094678 0.995508 0.000000
    outer loop
      vertex 0.16226 12.39486 6.34260
      vertex 0.24321 12.38716 6.33150
      vertex 0.16226 12.39486 0.00000
    endloop
  endfacet
  facet normal 0.094666 0.995509 0.000000
    outer loop
      vertex 0.32417 12.37946 6.32039
      vertex 0.32417 12.37946 0.00000
      vertex 0.24321 12.38716 0.00000
    endloop
  endfacet
  facet normal 0.094678 0.995508 0.000000
    outer loop
      vertex 0.24321 12.38716 6.33150
      vertex 0.24321 12.38716 0.00000
      vertex 0.16226 12.39486 0.00000
    endloop
  endfacet
  facet normal 0.031660 0.999499 0.000000
    outer loop
      vertex 0.00000 12.40000 6.35003
      vertex 0.16226 12.39486 6.34260
      vertex 0.00000 12.40000 0.00000
    endloop
  endfacet
  facet normal 0.031660 0.999499 0.000000
    outer loop
      vertex 0.16226 12.39486 6.34260
      vertex 0.16226 12.39486 0.00000
      vertex 0.00000 12.40000 0.00000
    endloop
  endfacet
  facet normal -0.031666 0.999499 0.000000
    outer loop
      vertex -0.08113 12.39743 6.34632
      vertex 0.00000 12.40000 6.35003
      vertex 0.00000 12.40000 0.00000
    endloop
  endfacet
  facet normal -0.031654 0.999499 0.000000
    outer loop
      vertex -0.16226 12.39486 6.34260
      vertex -0.08113 12.39743 6.34632
      vertex -0.08113 12.39743 0.00000
    endloop
  endfacet
  facet normal -0.031666 0.999499 0.000000
    outer loop
      vertex -0.08113 12.39743 6.34632
      vertex 0.00000 12.40000 0.00000
      vertex -0.08113 12.39743 0.00000
    endloop
  endfacet
  facet normal -0.031654 0.999499 0.000000
    outer loop
      vertex -0.16226 12.39486 6.34260
      vertex -0.08113 12.39743 0.00000
      vertex -0.16226 12.39486 0.00000
    endloop
  endfacet
  facet normal -0.094672 0.995509 0.000000
    outer loop
      vertex -0.32417 12.37946 6.32039
      vertex -0.16226 12.39486 6.34260
      vertex -0.16226 12.39486 0.00000
    endloop
  endfacet
  facet normal -0.094672 0.995509 0.000000
    outer loop
      vertex -0.32417 12.37946 6.32039
      vertex -0.16226 12.39486 0.00000
      vertex -0.32417 12.37946 0.00000
    endloop
  endfacet
  facet normal -0.156766 0.987636 0.000000
    outer loop
      vertex -0.40478 12.36667 6.30199
      vertex -0.32417 12.37946 6.32039
      vertex -0.32417 12.37946 0.00000
    endloop
  endfacet
  facet normal -0.156755 0.987638 0.000000
    outer loop
      vertex -0.48539 12.35387 6.28358
      vertex -0.40478 12.36667 6.30199
      vertex -0.40478 12.36667 0.00000
    endloop
  endfacet
  facet normal -0.156766 0.987636 0.000000
    outer loop
      vertex -0.40478 12.36667 6.30199
      vertex -0.32417 12.37946 0.00000
      vertex -0.40478 12.36667 0.00000
    endloop
  endfacet
  facet normal -0.156755 0.987638 0.000000
    outer loop
      vertex -0.48539 12.35387 6.28358
      vertex -0.40478 12.36667 0.00000
      vertex -0.48539 12.35387 0.00000
    endloop
  endfacet
  facet normal -0.217345 0.976095 0.000000
    outer loop
      vertex -0.56548 12.33604 6.25804
      vertex -0.48539 12.35387 6.28358
      vertex -0.48539 12.35387 0.00000
    endloop
  endfacet
  facet normal -0.217356 0.976092 0.000000
    outer loop
      vertex -0.64557 12.31821 6.23250
      vertex -0.56548 12.33604 6.25804
      vertex -0.56548 12.33604 0.00000
    endloop
  endfacet
  facet normal -0.217345 0.976095 0.000000
    outer loop
      vertex -0.56548 12.33604 6.25804
      vertex -0.48539 12.35387 0.00000
      vertex -0.56548 12.33604 0.00000
    endloop
  endfacet
  facet normal -0.217356 0.976092 0.000000
    outer loop
      vertex -0.64557 12.31821 6.23250
      vertex -0.56548 12.33604 0.00000
      vertex -0.64557 12.31821 0.00000
    endloop
  endfacet
  facet normal -0.275933 0.961177 0.000000
    outer loop
      vertex -0.72498 12.29541 6.20005
      vertex -0.64557 12.31821 6.23250
      vertex -0.64557 12.31821 0.00000
    endloop
  endfacet
  facet normal -0.275934 0.961177 0.000000
    outer loop
      vertex -0.80439 12.27261 6.16760
      vertex -0.72498 12.29541 6.20005
      vertex -0.72498 12.29541 0.00000
    endloop
  endfacet
  facet normal -0.275933 0.961177 0.000000
    outer loop
      vertex -0.72498 12.29541 6.20005
      vertex -0.64557 12.31821 0.00000
      vertex -0.72498 12.29541 0.00000
    endloop
  endfacet
  facet normal -0.275934 0.961177 0.000000
    outer loop
      vertex -0.80439 12.27261 6.16760
      vertex -0.72498 12.29541 0.00000
      vertex -0.80439 12.27261 0.00000
    endloop
  endfacet
  facet normal -0.332099 0.943245 0.000000
    outer loop
      vertex -0.96152 12.21729 6.08943
      vertex -0.80439 12.27261 6.16760
      vertex -0.80439 12.27261 0.00000
    endloop
  endfacet
  facet normal -0.332099 0.943245 0.000000
    outer loop
      vertex -0.96152 12.21729 6.08943
      vertex -0.80439 12.27261 0.00000
      vertex -0.96152 12.21729 0.00000
    endloop
  endfacet
  facet normal -0.385488 0.922713 0.000000
    outer loop
      vertex -1.11666 12.15248 5.99866
      vertex -0.96152 12.21729 6.08943
      vertex -0.96152 12.21729 0.00000
    endloop
  endfacet
  facet normal -0.385488 0.922713 0.000000
    outer loop
      vertex -1.11666 12.15248 5.99866
      vertex -0.96152 12.21729 0.00000
      vertex -1.11666 12.15248 0.00000
    endloop
  endfacet
  facet normal -0.435867 0.900011 0.000000
    outer loop
      vertex -1.19308 12.11547 5.94735
      vertex -1.11666 12.15248 5.99866
      vertex -1.11666 12.15248 0.00000
    endloop
  endfacet
  facet normal -0.435867 0.900011 0.000000
    outer loop
      vertex -1.26950 12.07846 5.89605
      vertex -1.19308 12.11547 5.94735
      vertex -1.19308 12.11547 0.00000
    endloop
  endfacet
  facet normal -0.435867 0.900011 0.000000
    outer loop
      vertex -1.19308 12.11547 5.94735
      vertex -1.11666 12.15248 0.00000
      vertex -1.19308 12.11547 0.00000
    endloop
  endfacet
  facet normal -0.435867 0.900011 0.000000
    outer loop
      vertex -1.26950 12.07846 5.89605
      vertex -1.19308 12.11547 0.00000
      vertex -1.26950 12.07846 0.00000
    endloop
  endfacet
  facet normal -0.483072 0.875581 0.000000
    outer loop
      vertex -1.41977 11.99555 5.78245
      vertex -1.26950 12.07846 5.89605
      vertex -1.26950 12.07846 0.00000
    endloop
  endfacet
  facet normal -0.483072 0.875581 0.000000
    outer loop
      vertex -1.41977 11.99555 5.78245
      vertex -1.26950 12.07846 0.00000
      vertex -1.41977 11.99555 0.00000
    endloop
  endfacet
  facet normal -0.527027 0.849849 0.000000
    outer loop
      vertex -1.49349 11.94983 5.72061
      vertex -1.41977 11.99555 5.78245
      vertex -1.41977 11.99555 0.00000
    endloop
  endfacet
  facet normal -0.527035 0.849843 0.000000
    outer loop
      vertex -1.56721 11.90412 5.65877
      vertex -1.49349 11.94983 5.72061
      vertex -1.49349 11.94983 0.00000
    endloop
  endfacet
  facet normal -0.527027 0.849849 0.000000
    outer loop
      vertex -1.49349 11.94983 5.72061
      vertex -1.41977 11.99555 0.00000
      vertex -1.49349 11.94983 0.00000
    endloop
  endfacet
  facet normal -0.527035 0.849843 0.000000
    outer loop
      vertex -1.56721 11.90412 5.65877
      vertex -1.49349 11.94983 0.00000
      vertex -1.56721 11.90412 0.00000
    endloop
  endfacet
  facet normal -0.567728 0.823216 0.000000
    outer loop
      vertex -1.71158 11.80455 5.52600
      vertex -1.56721 11.90412 5.65877
      vertex -1.56721 11.90412 0.00000
    endloop
  endfacet
  facet normal -0.567728 0.823216 0.000000
    outer loop
      vertex -1.71158 11.80455 5.52600
      vertex -1.56721 11.90412 0.00000
      vertex -1.71158 11.80455 0.00000
    endloop
  endfacet
  facet normal -0.605210 0.796066 0.000000
    outer loop
      vertex -1.85267 11.69729 5.38515
      vertex -1.71158 11.80455 5.52600
      vertex -1.71158 11.80455 0.00000
    endloop
  endfacet
  facet normal -0.605210 0.796066 0.000000
    outer loop
      vertex -1.85267 11.69729 5.38515
      vertex -1.71158 11.80455 0.00000
      vertex -1.85267 11.69729 0.00000
    endloop
  endfacet
  facet normal -0.639562 0.768739 0.000000
    outer loop
      vertex -1.99029 11.58279 5.23728
      vertex -1.85267 11.69729 5.38515
      vertex -1.85267 11.69729 0.00000
    endloop
  endfacet
  facet normal -0.639562 0.768739 0.000000
    outer loop
      vertex -1.99029 11.58279 5.23728
      vertex -1.85267 11.69729 0.00000
      vertex -1.99029 11.58279 0.00000
    endloop
  endfacet
  facet normal -0.670911 0.741538 0.000000
    outer loop
      vertex -2.05728 11.52218 5.16035
      vertex -1.99029 11.58279 5.23728
      vertex -1.99029 11.58279 0.00000
    endloop
  endfacet
  facet normal -0.670910 0.741538 0.000000
    outer loop
      vertex -2.12428 11.46157 5.08343
      vertex -2.05728 11.52218 5.16035
      vertex -2.05728 11.52218 0.00000
    endloop
  endfacet
  facet normal -0.670911 0.741538 0.000000
    outer loop
      vertex -2.05728 11.52218 5.16035
      vertex -1.99029 11.58279 0.00000
      vertex -2.05728 11.52218 0.00000
    endloop
  endfacet
  facet normal -0.670910 0.741538 0.000000
    outer loop
      vertex -2.12428 11.46157 5.08343
      vertex -2.05728 11.52218 0.00000
      vertex -2.12428 11.46157 0.00000
    endloop
  endfacet
  facet normal -0.699384 0.714746 0.000000
    outer loop
      vertex -2.18939 11.39785 5.00405
      vertex -2.12428 11.46157 5.08343
      vertex -2.12428 11.46157 0.00000
    endloop
  endfacet
  facet normal -0.699383 0.714747 0.000000
    outer loop
      vertex -2.25450 11.33414 4.92467
      vertex -2.18939 11.39785 5.00405
      vertex -2.18939 11.39785 0.00000
    endloop
  endfacet
  facet normal -0.699384 0.714746 0.000000
    outer loop
      vertex -2.18939 11.39785 5.00405
      vertex -2.12428 11.46157 0.00000
      vertex -2.18939 11.39785 0.00000
    endloop
  endfacet
  facet normal -0.699383 0.714747 0.000000
    outer loop
      vertex -2.25450 11.33414 4.92467
      vertex -2.18939 11.39785 0.00000
      vertex -2.25450 11.33414 0.00000
    endloop
  endfacet
  facet normal -0.725132 0.688610 0.000000
    outer loop
      vertex -2.38086 11.20108 4.76204
      vertex -2.25450 11.33414 4.92467
      vertex -2.25450 11.33414 0.00000
    endloop
  endfacet
  facet normal -0.725132 0.688610 0.000000
    outer loop
      vertex -2.38086 11.20108 4.76204
      vertex -2.25450 11.33414 0.00000
      vertex -2.38086 11.20108 0.00000
    endloop
  endfacet
  facet normal -0.748307 0.663352 0.000000
    outer loop
      vertex -2.44208 11.13202 4.67929
      vertex -2.38086 11.20108 4.76204
      vertex -2.38086 11.20108 0.00000
    endloop
  endfacet
  facet normal -0.748308 0.663351 0.000000
    outer loop
      vertex -2.50329 11.06297 4.59654
      vertex -2.44208 11.13202 4.67929
      vertex -2.44208 11.13202 0.00000
    endloop
  endfacet
  facet normal -0.748307 0.663352 0.000000
    outer loop
      vertex -2.44208 11.13202 4.67929
      vertex -2.38086 11.20108 0.00000
      vertex -2.44208 11.13202 0.00000
    endloop
  endfacet
  facet normal -0.748308 0.663351 0.000000
    outer loop
      vertex -2.50329 11.06297 4.59654
      vertex -2.44208 11.13202 0.00000
      vertex -2.50329 11.06297 0.00000
    endloop
  endfacet
  facet normal -0.769053 0.639185 0.000000
    outer loop
      vertex -2.62176 10.92043 4.42911
      vertex -2.50329 11.06297 4.59654
      vertex -2.50329 11.06297 0.00000
    endloop
  endfacet
  facet normal -0.769053 0.639185 0.000000
    outer loop
      vertex -2.62176 10.92043 4.42911
      vertex -2.50329 11.06297 0.00000
      vertex -2.62176 10.92043 0.00000
    endloop
  endfacet
  facet normal -0.787501 0.616313 0.000000
    outer loop
      vertex -2.73627 10.77411 4.26066
      vertex -2.62176 10.92043 4.42911
      vertex -2.62176 10.92043 0.00000
    endloop
  endfacet
  facet normal -0.787501 0.616313 0.000000
    outer loop
      vertex -2.73627 10.77411 4.26066
      vertex -2.62176 10.92043 0.00000
      vertex -2.73627 10.77411 0.00000
    endloop
  endfacet
  facet normal -0.803771 0.594938 0.000000
    outer loop
      vertex -2.79158 10.69940 4.17632
      vertex -2.73627 10.77411 4.26066
      vertex -2.73627 10.77411 0.00000
    endloop
  endfacet
  facet normal -0.803769 0.594942 0.000000
    outer loop
      vertex -2.84688 10.62468 4.09198
      vertex -2.79158 10.69940 4.17632
      vertex -2.79158 10.69940 0.00000
    endloop
  endfacet
  facet normal -0.803771 0.594938 0.000000
    outer loop
      vertex -2.79158 10.69940 4.17632
      vertex -2.73627 10.77411 0.00000
      vertex -2.79158 10.69940 0.00000
    endloop
  endfacet
  facet normal -0.803769 0.594942 0.000000
    outer loop
      vertex -2.84688 10.62468 4.09198
      vertex -2.79158 10.69940 0.00000
      vertex -2.84688 10.62468 0.00000
    endloop
  endfacet
  facet normal -0.817946 0.575295 0.000000
    outer loop
      vertex -2.95365 10.47287 3.92378
      vertex -2.84688 10.62468 4.09198
      vertex -2.84688 10.62468 0.00000
    endloop
  endfacet
  facet normal -0.817946 0.575295 0.000000
    outer loop
      vertex -2.95365 10.47287 3.92378
      vertex -2.84688 10.62468 0.00000
      vertex -2.95365 10.47287 0.00000
    endloop
  endfacet
  facet normal -0.830087 0.557633 0.000000
    outer loop
      vertex -3.05675 10.31941 3.75668
      vertex -2.95365 10.47287 3.92378
      vertex -2.95365 10.47287 0.00000
    endloop
  endfacet
  facet normal -0.830087 0.557633 0.000000
    outer loop
      vertex -3.05675 10.31941 3.75668
      vertex -2.95365 10.47287 0.00000
      vertex -3.05675 10.31941 0.00000
    endloop
  endfacet
  facet normal -0.840210 0.542262 0.000000
    outer loop
      vertex -3.15634 10.16509 3.59114
      vertex -3.05675 10.31941 3.75668
      vertex -3.05675 10.31941 0.00000
    endloop
  endfacet
  facet normal -0.840210 0.542262 0.000000
    outer loop
      vertex -3.15634 10.16509 3.59114
      vertex -3.05675 10.31941 0.00000
      vertex -3.15634 10.16509 0.00000
    endloop
  endfacet
  facet normal -0.848243 0.529608 0.000000
    outer loop
      vertex -3.25269 10.01076 3.42750
      vertex -3.15634 10.16509 3.59114
      vertex -3.15634 10.16509 0.00000
    endloop
  endfacet
  facet normal -0.848243 0.529608 0.000000
    outer loop
      vertex -3.25269 10.01076 3.42750
      vertex -3.15634 10.16509 0.00000
      vertex -3.25269 10.01076 0.00000
    endloop
  endfacet
  facet normal -0.854016 0.520247 0.000000
    outer loop
      vertex -3.34613 9.85738 3.26593
      vertex -3.25269 10.01076 3.42750
      vertex -3.25269 10.01076 0.00000
    endloop
  endfacet
  facet normal -0.854016 0.520247 0.000000
    outer loop
      vertex -3.34613 9.85738 3.26593
      vertex -3.25269 10.01076 0.00000
      vertex -3.34613 9.85738 0.00000
    endloop
  endfacet
  facet normal -0.857153 0.515063 0.000000
    outer loop
      vertex -3.43708 9.70602 3.10636
      vertex -3.34613 9.85738 3.26593
      vertex -3.34613 9.85738 0.00000
    endloop
  endfacet
  facet normal -0.857153 0.515063 0.000000
    outer loop
      vertex -3.43708 9.70602 3.10636
      vertex -3.34613 9.85738 0.00000
      vertex -3.43708 9.70602 0.00000
    endloop
  endfacet
  facet normal -0.856858 0.515552 0.000000
    outer loop
      vertex -3.48161 9.63202 3.02742
      vertex -3.43708 9.70602 3.10636
      vertex -3.43708 9.70602 0.00000
    endloop
  endfacet
  facet normal -0.856862 0.515545 0.000000
    outer loop
      vertex -3.52614 9.55801 2.94847
      vertex -3.48161 9.63202 3.02742
      vertex -3.48161 9.63202 0.00000
    endloop
  endfacet
  facet normal -0.856858 0.515552 0.000000
    outer loop
      vertex -3.48161 9.63202 3.02742
      vertex -3.43708 9.70602 0.00000
      vertex -3.48161 9.63202 0.00000
    endloop
  endfacet
  facet normal -0.856862 0.515545 0.000000
    outer loop
      vertex -3.52614 9.55801 2.94847
      vertex -3.48161 9.63202 0.00000
      vertex -3.52614 9.55801 0.00000
    endloop
  endfacet
  facet normal -0.851362 0.524578 0.000000
    outer loop
      vertex -3.57014 9.48659 2.86999
      vertex -3.52614 9.55801 2.94847
      vertex -3.52614 9.55801 0.00000
    endloop
  endfacet
  facet normal -0.851366 0.524573 0.000000
    outer loop
      vertex -3.61415 9.41518 2.79151
      vertex -3.57014 9.48659 2.86999
      vertex -3.57014 9.48659 0.00000
    endloop
  endfacet
  facet normal -0.851362 0.524578 0.000000
    outer loop
      vertex -3.57014 9.48659 2.86999
      vertex -3.52614 9.55801 0.00000
      vertex -3.57014 9.48659 0.00000
    endloop
  endfacet
  facet normal -0.851366 0.524573 0.000000
    outer loop
      vertex -3.61415 9.41518 2.79151
      vertex -3.57014 9.48659 0.00000
      vertex -3.61415 9.41518 0.00000
    endloop
  endfacet
  facet normal -0.835656 0.549253 0.000000
    outer loop
      vertex -3.65837 9.34790 2.71268
      vertex -3.61415 9.41518 2.79151
      vertex -3.61415 9.41518 0.00000
    endloop
  endfacet
  facet normal -0.835656 0.549253 0.000000
    outer loop
      vertex -3.70259 9.28062 2.63385
      vertex -3.65837 9.34790 2.71268
      vertex -3.65837 9.34790 0.00000
    endloop
  endfacet
  facet normal -0.835656 0.549253 0.000000
    outer loop
      vertex -3.65837 9.34790 2.71268
      vertex -3.61415 9.41518 0.00000
      vertex -3.65837 9.34790 0.00000
    endloop
  endfacet
  facet normal -0.835656 0.549253 0.000000
    outer loop
      vertex -3.70259 9.28062 2.63385
      vertex -3.65837 9.34790 0.00000
      vertex -3.70259 9.28062 0.00000
    endloop
  endfacet
  facet normal -0.777433 0.628966 0.000000
    outer loop
      vertex -3.79622 9.16488 2.47000
      vertex -3.70259 9.28062 2.63385
      vertex -3.70259 9.28062 0.00000
    endloop
  endfacet
  facet normal -0.777433 0.628966 0.000000
    outer loop
      vertex -3.79622 9.16488 2.47000
      vertex -3.70259 9.28062 0.00000
      vertex -3.79622 9.16488 0.00000
    endloop
  endfacet
  facet normal 0.104989 0.994473 0.000000
    outer loop
      vertex -3.87024 9.17270 2.55193
      vertex -3.79622 9.16488 2.47000
      vertex -3.87024 9.17270 0.00000
    endloop
  endfacet
  facet normal 0.104976 0.994475 0.000000
    outer loop
      vertex -3.94426 9.18051 2.63385
      vertex -3.87024 9.17270 2.55193
      vertex -3.94426 9.18051 0.00000
    endloop
  endfacet
  facet normal 0.104989 0.994473 0.000000
    outer loop
      vertex -3.79622 9.16488 2.47000
      vertex -3.79622 9.16488 0.00000
      vertex -3.87024 9.17270 0.00000
    endloop
  endfacet
  facet normal 0.104976 0.994475 0.000000
    outer loop
      vertex -3.87024 9.17270 2.55193
      vertex -3.87024 9.17270 0.00000
      vertex -3.94426 9.18051 0.00000
    endloop
  endfacet
  facet normal 0.202519 0.979278 0.000000
    outer loop
      vertex -4.10195 9.21312 2.79151
      vertex -3.94426 9.18051 2.63385
      vertex -4.10195 9.21312 0.00000
    endloop
  endfacet
  facet normal 0.202519 0.979278 0.000000
    outer loop
      vertex -3.94426 9.18051 2.63385
      vertex -3.94426 9.18051 0.00000
      vertex -4.10195 9.21312 0.00000
    endloop
  endfacet
  facet normal 0.231070 0.972937 0.000000
    outer loop
      vertex -4.18356 9.23251 2.86999
      vertex -4.10195 9.21312 2.79151
      vertex -4.18356 9.23251 0.00000
    endloop
  endfacet
  facet normal 0.231081 0.972934 0.000000
    outer loop
      vertex -4.26518 9.25189 2.94847
      vertex -4.18356 9.23251 2.86999
      vertex -4.26518 9.25189 0.00000
    endloop
  endfacet
  facet normal 0.231070 0.972937 0.000000
    outer loop
      vertex -4.10195 9.21312 2.79151
      vertex -4.10195 9.21312 0.00000
      vertex -4.18356 9.23251 0.00000
    endloop
  endfacet
  facet normal 0.231081 0.972934 0.000000
    outer loop
      vertex -4.18356 9.23251 2.86999
      vertex -4.18356 9.23251 0.00000
      vertex -4.26518 9.25189 0.00000
    endloop
  endfacet
  facet normal 0.241337 0.970441 0.000000
    outer loop
      vertex -4.34900 9.27274 3.02742
      vertex -4.26518 9.25189 2.94847
      vertex -4.34900 9.27274 0.00000
    endloop
  endfacet
  facet normal 0.241348 0.970439 0.000000
    outer loop
      vertex -4.43281 9.29358 3.10636
      vertex -4.34900 9.27274 3.02742
      vertex -4.43281 9.29358 0.00000
    endloop
  endfacet
  facet normal 0.241337 0.970441 0.000000
    outer loop
      vertex -4.26518 9.25189 2.94847
      vertex -4.26518 9.25189 0.00000
      vertex -4.34900 9.27274 0.00000
    endloop
  endfacet
  facet normal 0.241348 0.970439 0.000000
    outer loop
      vertex -4.34900 9.27274 3.02742
      vertex -4.34900 9.27274 0.00000
      vertex -4.43281 9.29358 0.00000
    endloop
  endfacet
  facet normal 0.241894 0.970303 0.000000
    outer loop
      vertex -4.51848 9.31494 3.18614
      vertex -4.43281 9.29358 3.10636
      vertex -4.51848 9.31494 0.00000
    endloop
  endfacet
  facet normal 0.241894 0.970303 0.000000
    outer loop
      vertex -4.60415 9.33629 3.26593
      vertex -4.51848 9.31494 3.18614
      vertex -4.60415 9.33629 0.00000
    endloop
  endfacet
  facet normal 0.241894 0.970303 0.000000
    outer loop
      vertex -4.43281 9.29358 3.10636
      vertex -4.43281 9.29358 0.00000
      vertex -4.51848 9.31494 0.00000
    endloop
  endfacet
  facet normal 0.241894 0.970303 0.000000
    outer loop
      vertex -4.51848 9.31494 3.18614
      vertex -4.51848 9.31494 0.00000
      vertex -4.60415 9.33629 0.00000
    endloop
  endfacet
  facet normal 0.236012 0.971750 0.000000
    outer loop
      vertex -4.77868 9.37868 3.42750
      vertex -4.60415 9.33629 3.26593
      vertex -4.77868 9.37868 0.00000
    endloop
  endfacet
  facet normal 0.236012 0.971750 0.000000
    outer loop
      vertex -4.60415 9.33629 3.26593
      vertex -4.60415 9.33629 0.00000
      vertex -4.77868 9.37868 0.00000
    endloop
  endfacet
  facet normal 0.225307 0.974288 0.000000
    outer loop
      vertex -4.95593 9.41967 3.59114
      vertex -4.77868 9.37868 3.42750
      vertex -4.95593 9.41967 0.00000
    endloop
  endfacet
  facet normal 0.225307 0.974288 0.000000
    outer loop
      vertex -4.77868 9.37868 3.42750
      vertex -4.77868 9.37868 0.00000
      vertex -4.95593 9.41967 0.00000
    endloop
  endfacet
  facet normal 0.210681 0.977555 0.000000
    outer loop
      vertex -5.04570 9.43902 3.67391
      vertex -4.95593 9.41967 3.59114
      vertex -5.04570 9.43902 0.00000
    endloop
  endfacet
  facet normal 0.210671 0.977557 0.000000
    outer loop
      vertex -5.13547 9.45837 3.75668
      vertex -5.04570 9.43902 3.67391
      vertex -5.13547 9.45837 0.00000
    endloop
  endfacet
  facet normal 0.210681 0.977555 0.000000
    outer loop
      vertex -4.95593 9.41967 3.59114
      vertex -4.95593 9.41967 0.00000
      vertex -5.04570 9.43902 0.00000
    endloop
  endfacet
  facet normal 0.210671 0.977557 0.000000
    outer loop
      vertex -5.04570 9.43902 3.67391
      vertex -5.04570 9.43902 0.00000
      vertex -5.13547 9.45837 0.00000
    endloop
  endfacet
  facet normal 0.192665 0.981265 0.000000
    outer loop
      vertex -5.22618 9.47618 3.84023
      vertex -5.13547 9.45837 3.75668
      vertex -5.22618 9.47618 0.00000
    endloop
  endfacet
  facet normal 0.192654 0.981267 0.000000
    outer loop
      vertex -5.31689 9.49399 3.92378
      vertex -5.22618 9.47618 3.84023
      vertex -5.31689 9.49399 0.00000
    endloop
  endfacet
  facet normal 0.192665 0.981265 0.000000
    outer loop
      vertex -5.13547 9.45837 3.75668
      vertex -5.13547 9.45837 0.00000
      vertex -5.22618 9.47618 0.00000
    endloop
  endfacet
  facet normal 0.192654 0.981267 0.000000
    outer loop
      vertex -5.22618 9.47618 3.84023
      vertex -5.22618 9.47618 0.00000
      vertex -5.31689 9.49399 0.00000
    endloop
  endfacet
  facet normal 0.171577 0.985171 0.000000
    outer loop
      vertex -5.49974 9.52583 4.09198
      vertex -5.31689 9.49399 3.92378
      vertex -5.49974 9.52583 0.00000
    endloop
  endfacet
  facet normal 0.171577 0.985171 0.000000
    outer loop
      vertex -5.31689 9.49399 3.92378
      vertex -5.31689 9.49399 0.00000
      vertex -5.49974 9.52583 0.00000
    endloop
  endfacet
  facet normal 0.147665 0.989037 0.000000
    outer loop
      vertex -5.59167 9.53956 4.17632
      vertex -5.49974 9.52583 4.09198
      vertex -5.59167 9.53956 0.00000
    endloop
  endfacet
  facet normal 0.147664 0.989038 0.000000
    outer loop
      vertex -5.68361 9.55328 4.26066
      vertex -5.59167 9.53956 4.17632
      vertex -5.68361 9.55328 0.00000
    endloop
  endfacet
  facet normal 0.147665 0.989037 0.000000
    outer loop
      vertex -5.49974 9.52583 4.09198
      vertex -5.49974 9.52583 0.00000
      vertex -5.59167 9.53956 0.00000
    endloop
  endfacet
  facet normal 0.147664 0.989038 0.000000
    outer loop
      vertex -5.59167 9.53956 4.17632
      vertex -5.59167 9.53956 0.00000
      vertex -5.68361 9.55328 0.00000
    endloop
  endfacet
  facet normal 0.121049 0.992646 0.000000
    outer loop
      vertex -5.86804 9.57577 4.42911
      vertex -5.68361 9.55328 4.26066
      vertex -5.86804 9.57577 0.00000
    endloop
  endfacet
  facet normal 0.121049 0.992646 0.000000
    outer loop
      vertex -5.68361 9.55328 4.26066
      vertex -5.68361 9.55328 0.00000
      vertex -5.86804 9.57577 0.00000
    endloop
  endfacet
  facet normal 0.091837 0.995774 0.000000
    outer loop
      vertex -5.96032 9.58428 4.51283
      vertex -5.86804 9.57577 4.42911
      vertex -5.96032 9.58428 0.00000
    endloop
  endfacet
  facet normal 0.091826 0.995775 0.000000
    outer loop
      vertex -6.05260 9.59279 4.59654
      vertex -5.96032 9.58428 4.51283
      vertex -6.05260 9.59279 0.00000
    endloop
  endfacet
  facet normal 0.091837 0.995774 0.000000
    outer loop
      vertex -5.86804 9.57577 4.42911
      vertex -5.86804 9.57577 0.00000
      vertex -5.96032 9.58428 0.00000
    endloop
  endfacet
  facet normal 0.091826 0.995775 0.000000
    outer loop
      vertex -5.96032 9.58428 4.51283
      vertex -5.96032 9.58428 0.00000
      vertex -6.05260 9.59279 0.00000
    endloop
  endfacet
  facet normal 0.060076 0.998194 0.000000
    outer loop
      vertex -6.23683 9.60388 4.76204
      vertex -6.05260 9.59279 4.59654
      vertex -6.23683 9.60388 0.00000
    endloop
  endfacet
  facet normal 0.060076 0.998194 0.000000
    outer loop
      vertex -6.05260 9.59279 4.59654
      vertex -6.05260 9.59279 0.00000
      vertex -6.23683 9.60388 0.00000
    endloop
  endfacet
  facet normal 0.025821 0.999667 0.000000
    outer loop
      vertex -6.32855 9.60625 4.84336
      vertex -6.23683 9.60388 4.76204
      vertex -6.32855 9.60625 0.00000
    endloop
  endfacet
  facet normal 0.025832 0.999666 0.000000
    outer loop
      vertex -6.42027 9.60862 4.92467
      vertex -6.32855 9.60625 4.84336
      vertex -6.42027 9.60862 0.00000
    endloop
  endfacet
  facet normal 0.025821 0.999667 0.000000
    outer loop
      vertex -6.23683 9.60388 4.76204
      vertex -6.23683 9.60388 0.00000
      vertex -6.32855 9.60625 0.00000
    endloop
  endfacet
  facet normal 0.025832 0.999666 0.000000
    outer loop
      vertex -6.32855 9.60625 4.84336
      vertex -6.32855 9.60625 0.00000
      vertex -6.42027 9.60862 0.00000
    endloop
  endfacet
  facet normal -0.010870 0.999941 0.000000
    outer loop
      vertex -6.51137 9.60763 5.00405
      vertex -6.42027 9.60862 4.92467
      vertex -6.51137 9.60763 0.00000
    endloop
  endfacet
  facet normal -0.010859 0.999941 0.000000
    outer loop
      vertex -6.60246 9.60664 5.08343
      vertex -6.51137 9.60763 5.00405
      vertex -6.60246 9.60664 0.00000
    endloop
  endfacet
  facet normal -0.010870 0.999941 0.000000
    outer loop
      vertex -6.42027 9.60862 4.92467
      vertex -6.42027 9.60862 0.00000
      vertex -6.51137 9.60763 0.00000
    endloop
  endfacet
  facet normal -0.010859 0.999941 0.000000
    outer loop
      vertex -6.51137 9.60763 5.00405
      vertex -6.51137 9.60763 0.00000
      vertex -6.60246 9.60664 0.00000
    endloop
  endfacet
  facet normal -0.049944 0.998752 0.000000
    outer loop
      vertex -6.78293 9.59762 5.23728
      vertex -6.60246 9.60664 5.08343
      vertex -6.78293 9.59762 0.00000
    endloop
  endfacet
  facet normal -0.049944 0.998752 0.000000
    outer loop
      vertex -6.60246 9.60664 5.08343
      vertex -6.60246 9.60664 0.00000
      vertex -6.78293 9.59762 0.00000
    endloop
  endfacet
  facet normal -0.091339 0.995820 0.000000
    outer loop
      vertex -6.96120 9.58127 5.38515
      vertex -6.78293 9.59762 5.23728
      vertex -6.96120 9.58127 0.00000
    endloop
  endfacet
  facet normal -0.091339 0.995820 0.000000
    outer loop
      vertex -6.78293 9.59762 5.23728
      vertex -6.78293 9.59762 0.00000
      vertex -6.96120 9.58127 0.00000
    endloop
  endfacet
  facet normal -0.134957 0.990851 0.000000
    outer loop
      vertex -7.13681 9.55735 5.52600
      vertex -6.96120 9.58127 5.38515
      vertex -7.13681 9.55735 0.00000
    endloop
  endfacet
  facet normal -0.134957 0.990851 0.000000
    outer loop
      vertex -6.96120 9.58127 5.38515
      vertex -6.96120 9.58127 0.00000
      vertex -7.13681 9.55735 0.00000
    endloop
  endfacet
  facet normal -0.180657 0.983546 0.000000
    outer loop
      vertex -7.30930 9.52566 5.65877
      vertex -7.13681 9.55735 5.52600
      vertex -7.30930 9.52566 0.00000
    endloop
  endfacet
  facet normal -0.180657 0.983546 0.000000
    outer loop
      vertex -7.13681 9.55735 5.52600
      vertex -7.13681 9.55735 0.00000
      vertex -7.30930 9.52566 0.00000
    endloop
  endfacet
  facet normal -0.228264 0.973599 0.000000
    outer loop
      vertex -7.39375 9.50586 5.72061
      vertex -7.30930 9.52566 5.65877
      vertex -7.39375 9.50586 0.00000
    endloop
  endfacet
  facet normal -0.228265 0.973599 0.000000
    outer loop
      vertex -7.47821 9.48606 5.78245
      vertex -7.39375 9.50586 5.72061
      vertex -7.47821 9.48606 0.00000
    endloop
  endfacet
  facet normal -0.228264 0.973599 0.000000
    outer loop
      vertex -7.30930 9.52566 5.65877
      vertex -7.30930 9.52566 0.00000
      vertex -7.39375 9.50586 0.00000
    endloop
  endfacet
  facet normal -0.228265 0.973599 0.000000
    outer loop
      vertex -7.39375 9.50586 5.72061
      vertex -7.39375 9.50586 0.00000
      vertex -7.47821 9.48606 0.00000
    endloop
  endfacet
  facet normal -0.277548 0.960712 0.000000
    outer loop
      vertex -7.64309 9.43843 5.89605
      vertex -7.47821 9.48606 5.78245
      vertex -7.64309 9.43843 0.00000
    endloop
  endfacet
  facet normal -0.277548 0.960712 0.000000
    outer loop
      vertex -7.47821 9.48606 5.78245
      vertex -7.47821 9.48606 0.00000
      vertex -7.64309 9.43843 0.00000
    endloop
  endfacet
  facet normal -0.328200 0.944608 0.000000
    outer loop
      vertex -7.80350 9.38269 5.99866
      vertex -7.64309 9.43843 5.89605
      vertex -7.80350 9.38269 0.00000
    endloop
  endfacet
  facet normal -0.328200 0.944608 0.000000
    outer loop
      vertex -7.64309 9.43843 5.89605
      vertex -7.64309 9.43843 0.00000
      vertex -7.80350 9.38269 0.00000
    endloop
  endfacet
  facet normal -0.379871 0.925039 0.000000
    outer loop
      vertex -7.88127 9.35076 6.04404
      vertex -7.80350 9.38269 5.99866
      vertex -7.88127 9.35076 0.00000
    endloop
  endfacet
  facet normal -0.379871 0.925039 0.000000
    outer loop
      vertex -7.95903 9.31883 6.08943
      vertex -7.88127 9.35076 6.04404
      vertex -7.95903 9.31883 0.00000
    endloop
  endfacet
  facet normal -0.379871 0.925039 0.000000
    outer loop
      vertex -7.80350 9.38269 5.99866
      vertex -7.80350 9.38269 0.00000
      vertex -7.88127 9.35076 0.00000
    endloop
  endfacet
  facet normal -0.379871 0.925039 0.000000
    outer loop
      vertex -7.88127 9.35076 6.04404
      vertex -7.88127 9.35076 0.00000
      vertex -7.95903 9.31883 0.00000
    endloop
  endfacet
  facet normal -0.432149 0.901802 0.000000
    outer loop
      vertex -8.10926 9.24684 6.16760
      vertex -7.95903 9.31883 6.08943
      vertex -8.10926 9.24684 0.00000
    endloop
  endfacet
  facet normal -0.432149 0.901802 0.000000
    outer loop
      vertex -7.95903 9.31883 6.08943
      vertex -7.95903 9.31883 0.00000
      vertex -8.10926 9.24684 0.00000
    endloop
  endfacet
  facet normal -0.484539 0.874770 0.000000
    outer loop
      vertex -8.18153 9.20680 6.20005
      vertex -8.10926 9.24684 6.16760
      vertex -8.18153 9.20680 0.00000
    endloop
  endfacet
  facet normal -0.484537 0.874771 0.000000
    outer loop
      vertex -8.25380 9.16677 6.23250
      vertex -8.18153 9.20680 6.20005
      vertex -8.25380 9.16677 0.00000
    endloop
  endfacet
  facet normal -0.484539 0.874770 0.000000
    outer loop
      vertex -8.10926 9.24684 6.16760
      vertex -8.10926 9.24684 0.00000
      vertex -8.18153 9.20680 0.00000
    endloop
  endfacet
  facet normal -0.484537 0.874771 0.000000
    outer loop
      vertex -8.18153 9.20680 6.20005
      vertex -8.18153 9.20680 0.00000
      vertex -8.25380 9.16677 0.00000
    endloop
  endfacet
  facet normal -0.536520 0.843888 0.000000
    outer loop
      vertex -8.32304 9.12275 6.25804
      vertex -8.25380 9.16677 6.23250
      vertex -8.32304 9.12275 0.00000
    endloop
  endfacet
  facet normal -0.536506 0.843897 0.000000
    outer loop
      vertex -8.39229 9.07873 6.28358
      vertex -8.32304 9.12275 6.25804
      vertex -8.39229 9.07873 0.00000
    endloop
  endfacet
  facet normal -0.536520 0.843888 0.000000
    outer loop
      vertex -8.25380 9.16677 6.23250
      vertex -8.25380 9.16677 0.00000
      vertex -8.32304 9.12275 0.00000
    endloop
  endfacet
  facet normal -0.536506 0.843897 0.000000
    outer loop
      vertex -8.32304 9.12275 6.25804
      vertex -8.32304 9.12275 0.00000
      vertex -8.39229 9.07873 0.00000
    endloop
  endfacet
  facet normal -0.587521 0.809209 0.000000
    outer loop
      vertex -8.52438 8.98282 6.32039
      vertex -8.39229 9.07873 6.28358
      vertex -8.52438 8.98282 0.00000
    endloop
  endfacet
  facet normal -0.587521 0.809209 0.000000
    outer loop
      vertex -8.39229 9.07873 6.28358
      vertex -8.39229 9.07873 0.00000
      vertex -8.52438 8.98282 0.00000
    endloop
  endfacet
  facet normal -0.636987 0.770874 0.000000
    outer loop
      vertex -8.58707 8.93102 6.33150
      vertex -8.52438 8.98282 6.32039
      vertex -8.58707 8.93102 0.00000
    endloop
  endfacet
  facet normal -0.636994 0.770868 0.000000
    outer loop
      vertex -8.64976 8.87922 6.34260
      vertex -8.58707 8.93102 6.33150
      vertex -8.64976 8.87922 0.00000
    endloop
  endfacet
  facet normal -0.636987 0.770874 0.000000
    outer loop
      vertex -8.52438 8.98282 6.32039
      vertex -8.52438 8.98282 0.00000
      vertex -8.58707 8.93102 0.00000
    endloop
  endfacet
  facet normal -0.636994 0.770868 0.000000
    outer loop
      vertex -8.58707 8.93102 6.33150
      vertex -8.58707 8.93102 0.00000
      vertex -8.64976 8.87922 0.00000
    endloop
  endfacet
  facet normal -0.684362 0.729142 0.000000
    outer loop
      vertex -8.76812 8.76812 6.35003
      vertex -8.64976 8.87922 6.34260
      vertex -8.76812 8.76812 0.00000
    endloop
  endfacet
  facet normal -0.684362 0.729142 0.000000
    outer loop
      vertex -8.64976 8.87922 6.34260
      vertex -8.64976 8.87922 0.00000
      vertex -8.76812 8.76812 0.00000
    endloop
  endfacet
  facet normal -0.729142 0.684362 0.000000
    outer loop
      vertex -8.87922 8.64976 6.34260
      vertex -8.76812 8.76812 6.35003
      vertex -8.76812 8.76812 0.00000
    endloop
  endfacet
  facet normal -0.729142 0.684362 0.000000
    outer loop
      vertex -8.87922 8.64976 6.34260
      vertex -8.76812 8.76812 0.00000
      vertex -8.87922 8.64976 0.00000
    endloop
  endfacet
  facet normal -0.770871 0.636991 0.000000
    outer loop
      vertex -8.98282 8.52438 6.32039
      vertex -8.87922 8.64976 6.34260
      vertex -8.87922 8.64976 0.00000
    endloop
  endfacet
  facet normal -0.770871 0.636991 0.000000
    outer loop
      vertex -8.98282 8.52438 6.32039
      vertex -8.87922 8.64976 0.00000
      vertex -8.98282 8.52438 0.00000
    endloop
  endfacet
  facet normal -0.809209 0.587521 0.000000
    outer loop
      vertex -9.07873 8.39229 6.28358
      vertex -8.98282 8.52438 6.32039
      vertex -8.98282 8.52438 0.00000
    endloop
  endfacet
  facet normal -0.809209 0.587521 0.000000
    outer loop
      vertex -9.07873 8.39229 6.28358
      vertex -8.98282 8.52438 0.00000
      vertex -9.07873 8.39229 0.00000
    endloop
  endfacet
  facet normal -0.843892 0.536513 0.000000
    outer loop
      vertex -9.16677 8.25380 6.23250
      vertex -9.07873 8.39229 6.28358
      vertex -9.07873 8.39229 0.00000
    endloop
  endfacet
  facet normal -0.843892 0.536513 0.000000
    outer loop
      vertex -9.16677 8.25380 6.23250
      vertex -9.07873 8.39229 0.00000
      vertex -9.16677 8.25380 0.00000
    endloop
  endfacet
  facet normal -0.874770 0.484538 0.000000
    outer loop
      vertex -9.24684 8.10926 6.16760
      vertex -9.16677 8.25380 6.23250
      vertex -9.16677 8.25380 0.00000
    endloop
  endfacet
  facet normal -0.874770 0.484538 0.000000
    outer loop
      vertex -9.24684 8.10926 6.16760
      vertex -9.16677 8.25380 0.00000
      vertex -9.24684 8.10926 0.00000
    endloop
  endfacet
  facet normal -0.901802 0.432149 0.000000
    outer loop
      vertex -9.31883 7.95903 6.08943
      vertex -9.24684 8.10926 6.16760
      vertex -9.24684 8.10926 0.00000
    endloop
  endfacet
  facet normal -0.901802 0.432149 0.000000
    outer loop
      vertex -9.31883 7.95903 6.08943
      vertex -9.24684 8.10926 0.00000
      vertex -9.31883 7.95903 0.00000
    endloop
  endfacet
  facet normal -0.925039 0.379871 0.000000
    outer loop
      vertex -9.35076 7.88127 6.04404
      vertex -9.31883 7.95903 6.08943
      vertex -9.31883 7.95903 0.00000
    endloop
  endfacet
  facet normal -0.925039 0.379871 0.000000
    outer loop
      vertex -9.38269 7.80350 5.99866
      vertex -9.35076 7.88127 6.04404
      vertex -9.35076 7.88127 0.00000
    endloop
  endfacet
  facet normal -0.925039 0.379871 0.000000
    outer loop
      vertex -9.35076 7.88127 6.04404
      vertex -9.31883 7.95903 0.00000
      vertex -9.35076 7.88127 0.00000
    endloop
  endfacet
  facet normal -0.925039 0.379871 0.000000
    outer loop
      vertex -9.38269 7.80350 5.99866
      vertex -9.35076 7.88127 0.00000
      vertex -9.38269 7.80350 0.00000
    endloop
  endfacet
  facet normal -0.944607 0.328204 0.000000
    outer loop
      vertex -9.41056 7.72330 5.94735
      vertex -9.38269 7.80350 5.99866
      vertex -9.38269 7.80350 0.00000
    endloop
  endfacet
  facet normal -0.944610 0.328196 0.000000
    outer loop
      vertex -9.43843 7.64309 5.89605
      vertex -9.41056 7.72330 5.94735
      vertex -9.41056 7.72330 0.00000
    endloop
  endfacet
  facet normal -0.944607 0.328204 0.000000
    outer loop
      vertex -9.41056 7.72330 5.94735
      vertex -9.38269 7.80350 0.00000
      vertex -9.41056 7.72330 0.00000
    endloop
  endfacet
  facet normal -0.944610 0.328196 0.000000
    outer loop
      vertex -9.43843 7.64309 5.89605
      vertex -9.41056 7.72330 0.00000
      vertex -9.43843 7.64309 0.00000
    endloop
  endfacet
  facet normal -0.960710 0.277553 0.000000
    outer loop
      vertex -9.46225 7.56065 5.83925
      vertex -9.43843 7.64309 5.89605
      vertex -9.43843 7.64309 0.00000
    endloop
  endfacet
  facet normal -0.960713 0.277543 0.000000
    outer loop
      vertex -9.48606 7.47821 5.78245
      vertex -9.46225 7.56065 5.83925
      vertex -9.46225 7.56065 0.00000
    endloop
  endfacet
  facet normal -0.960710 0.277553 0.000000
    outer loop
      vertex -9.46225 7.56065 5.83925
      vertex -9.43843 7.64309 0.00000
      vertex -9.46225 7.56065 0.00000
    endloop
  endfacet
  facet normal -0.960713 0.277543 0.000000
    outer loop
      vertex -9.48606 7.47821 5.78245
      vertex -9.46225 7.56065 0.00000
      vertex -9.48606 7.47821 0.00000
    endloop
  endfacet
  facet normal -0.973599 0.228264 0.000000
    outer loop
      vertex -9.52566 7.30930 5.65877
      vertex -9.48606 7.47821 5.78245
      vertex -9.48606 7.47821 0.00000
    endloop
  endfacet
  facet normal -0.973599 0.228264 0.000000
    outer loop
      vertex -9.52566 7.30930 5.65877
      vertex -9.48606 7.47821 0.00000
      vertex -9.52566 7.30930 0.00000
    endloop
  endfacet
  facet normal -0.983546 0.180657 0.000000
    outer loop
      vertex -9.55735 7.13681 5.52600
      vertex -9.52566 7.30930 5.65877
      vertex -9.52566 7.30930 0.00000
    endloop
  endfacet
  facet normal -0.983546 0.180657 0.000000
    outer loop
      vertex -9.55735 7.13681 5.52600
      vertex -9.52566 7.30930 0.00000
      vertex -9.55735 7.13681 0.00000
    endloop
  endfacet
  facet normal -0.990851 0.134962 0.000000
    outer loop
      vertex -9.56931 7.04900 5.45558
      vertex -9.55735 7.13681 5.52600
      vertex -9.55735 7.13681 0.00000
    endloop
  endfacet
  facet normal -0.990852 0.134952 0.000000
    outer loop
      vertex -9.58127 6.96120 5.38515
      vertex -9.56931 7.04900 5.45558
      vertex -9.56931 7.04900 0.00000
    endloop
  endfacet
  facet normal -0.990851 0.134962 0.000000
    outer loop
      vertex -9.56931 7.04900 5.45558
      vertex -9.55735 7.13681 0.00000
      vertex -9.56931 7.04900 0.00000
    endloop
  endfacet
  facet normal -0.990852 0.134952 0.000000
    outer loop
      vertex -9.58127 6.96120 5.38515
      vertex -9.56931 7.04900 0.00000
      vertex -9.58127 6.96120 0.00000
    endloop
  endfacet
  facet normal -0.995820 0.091339 0.000000
    outer loop
      vertex -9.59762 6.78293 5.23728
      vertex -9.58127 6.96120 5.38515
      vertex -9.58127 6.96120 0.00000
    endloop
  endfacet
  facet normal -0.995820 0.091339 0.000000
    outer loop
      vertex -9.59762 6.78293 5.23728
      vertex -9.58127 6.96120 0.00000
      vertex -9.59762 6.78293 0.00000
    endloop
  endfacet
  facet normal -0.998752 0.049944 0.000000
    outer loop
      vertex -9.60664 6.60246 5.08343
      vertex -9.59762 6.78293 5.23728
      vertex -9.59762 6.78293 0.00000
    endloop
  endfacet
  facet normal -0.998752 0.049944 0.000000
    outer loop
      vertex -9.60664 6.60246 5.08343
      vertex -9.59762 6.78293 0.00000
      vertex -9.60664 6.60246 0.00000
    endloop
  endfacet
  facet normal -0.999941 0.010865 0.000000
    outer loop
      vertex -9.60862 6.42027 4.92467
      vertex -9.60664 6.60246 5.08343
      vertex -9.60664 6.60246 0.00000
    endloop
  endfacet
  facet normal -0.999941 0.010865 0.000000
    outer loop
      vertex -9.60862 6.42027 4.92467
      vertex -9.60664 6.60246 0.00000
      vertex -9.60862 6.42027 0.00000
    endloop
  endfacet
  facet normal -0.999666 -0.025827 0.000000
    outer loop
      vertex -9.60388 6.23683 4.76204
      vertex -9.60862 6.42027 4.92467
      vertex -9.60862 6.42027 0.00000
    endloop
  endfacet
  facet normal -0.999666 -0.025827 -0.000000
    outer loop
      vertex -9.60388 6.23683 4.76204
      vertex -9.60862 6.42027 0.00000
      vertex -9.60388 6.23683 0.00000
    endloop
  endfacet
  facet normal -0.998194 -0.060076 0.000000
    outer loop
      vertex -9.59834 6.14472 4.67929
      vertex -9.60388 6.23683 4.76204
      vertex -9.60388 6.23683 0.00000
    endloop
  endfacet
  facet normal -0.998194 -0.060076 0.000000
    outer loop
      vertex -9.59279 6.05260 4.59654
      vertex -9.59834 6.14472 4.67929
      vertex -9.59834 6.14472 0.00000
    endloop
  endfacet
  facet normal -0.998194 -0.060076 -0.000000
    outer loop
      vertex -9.59834 6.14472 4.67929
      vertex -9.60388 6.23683 0.00000
      vertex -9.59834 6.14472 0.00000
    endloop
  endfacet
  facet normal -0.998194 -0.060076 -0.000000
    outer loop
      vertex -9.59279 6.05260 4.59654
      vertex -9.59834 6.14472 0.00000
      vertex -9.59279 6.05260 0.00000
    endloop
  endfacet
  facet normal -0.995775 -0.091832 0.000000
    outer loop
      vertex -9.57577 5.86804 4.42911
      vertex -9.59279 6.05260 4.59654
      vertex -9.59279 6.05260 0.00000
    endloop
  endfacet
  facet normal -0.995775 -0.091832 -0.000000
    outer loop
      vertex -9.57577 5.86804 4.42911
      vertex -9.59279 6.05260 0.00000
      vertex -9.57577 5.86804 0.00000
    endloop
  endfacet
  facet normal -0.992647 -0.121044 0.000000
    outer loop
      vertex -9.56453 5.77582 4.34489
      vertex -9.57577 5.86804 4.42911
      vertex -9.57577 5.86804 0.00000
    endloop
  endfacet
  facet normal -0.992646 -0.121055 0.000000
    outer loop
      vertex -9.55328 5.68361 4.26066
      vertex -9.56453 5.77582 4.34489
      vertex -9.56453 5.77582 0.00000
    endloop
  endfacet
  facet normal -0.992647 -0.121044 -0.000000
    outer loop
      vertex -9.56453 5.77582 4.34489
      vertex -9.57577 5.86804 0.00000
      vertex -9.56453 5.77582 0.00000
    endloop
  endfacet
  facet normal -0.992646 -0.121055 -0.000000
    outer loop
      vertex -9.55328 5.68361 4.26066
      vertex -9.56453 5.77582 0.00000
      vertex -9.55328 5.68361 0.00000
    endloop
  endfacet
  facet normal -0.989038 -0.147664 0.000000
    outer loop
      vertex -9.52583 5.49974 4.09198
      vertex -9.55328 5.68361 4.26066
      vertex -9.55328 5.68361 0.00000
    endloop
  endfacet
  facet normal -0.989038 -0.147664 -0.000000
    outer loop
      vertex -9.52583 5.49974 4.09198
      vertex -9.55328 5.68361 0.00000
      vertex -9.52583 5.49974 0.00000
    endloop
  endfacet
  facet normal -0.985171 -0.171577 0.000000
    outer loop
      vertex -9.49399 5.31689 3.92378
      vertex -9.52583 5.49974 4.09198
      vertex -9.52583 5.49974 0.00000
    endloop
  endfacet
  facet normal -0.985171 -0.171577 -0.000000
    outer loop
      vertex -9.49399 5.31689 3.92378
      vertex -9.52583 5.49974 0.00000
      vertex -9.49399 5.31689 0.00000
    endloop
  endfacet
  facet normal -0.981267 -0.192654 0.000000
    outer loop
      vertex -9.47618 5.22618 3.84023
      vertex -9.49399 5.31689 3.92378
      vertex -9.49399 5.31689 0.00000
    endloop
  endfacet
  facet normal -0.981265 -0.192665 0.000000
    outer loop
      vertex -9.45837 5.13547 3.75668
      vertex -9.47618 5.22618 3.84023
      vertex -9.47618 5.22618 0.00000
    endloop
  endfacet
  facet normal -0.981267 -0.192654 -0.000000
    outer loop
      vertex -9.47618 5.22618 3.84023
      vertex -9.49399 5.31689 0.00000
      vertex -9.47618 5.22618 0.00000
    endloop
  endfacet
  facet normal -0.981265 -0.192665 -0.000000
    outer loop
      vertex -9.45837 5.13547 3.75668
      vertex -9.47618 5.22618 0.00000
      vertex -9.45837 5.13547 0.00000
    endloop
  endfacet
  facet normal -0.977556 -0.210676 0.000000
    outer loop
      vertex -9.41967 4.95593 3.59114
      vertex -9.45837 5.13547 3.75668
      vertex -9.45837 5.13547 0.00000
    endloop
  endfacet
  facet normal -0.977556 -0.210676 -0.000000
    outer loop
      vertex -9.41967 4.95593 3.59114
      vertex -9.45837 5.13547 0.00000
      vertex -9.41967 4.95593 0.00000
    endloop
  endfacet
  facet normal -0.974288 -0.225307 0.000000
    outer loop
      vertex -9.37868 4.77868 3.42750
      vertex -9.41967 4.95593 3.59114
      vertex -9.41967 4.95593 0.00000
    endloop
  endfacet
  facet normal -0.974288 -0.225307 -0.000000
    outer loop
      vertex -9.37868 4.77868 3.42750
      vertex -9.41967 4.95593 0.00000
      vertex -9.37868 4.77868 0.00000
    endloop
  endfacet
  facet normal -0.971749 -0.236017 0.000000
    outer loop
      vertex -9.35749 4.69141 3.34672
      vertex -9.37868 4.77868 3.42750
      vertex -9.37868 4.77868 0.00000
    endloop
  endfacet
  facet normal -0.971751 -0.236006 0.000000
    outer loop
      vertex -9.33629 4.60415 3.26593
      vertex -9.35749 4.69141 3.34672
      vertex -9.35749 4.69141 0.00000
    endloop
  endfacet
  facet normal -0.971749 -0.236017 -0.000000
    outer loop
      vertex -9.35749 4.69141 3.34672
      vertex -9.37868 4.77868 0.00000
      vertex -9.35749 4.69141 0.00000
    endloop
  endfacet
  facet normal -0.971751 -0.236006 -0.000000
    outer loop
      vertex -9.33629 4.60415 3.26593
      vertex -9.35749 4.69141 0.00000
      vertex -9.33629 4.60415 0.00000
    endloop
  endfacet
  facet normal -0.970303 -0.241894 0.000000
    outer loop
      vertex -9.29358 4.43281 3.10636
      vertex -9.33629 4.60415 3.26593
      vertex -9.33629 4.60415 0.00000
    endloop
  endfacet
  facet normal -0.970303 -0.241894 -0.000000
    outer loop
      vertex -9.29358 4.43281 3.10636
      vertex -9.33629 4.60415 0.00000
      vertex -9.29358 4.43281 0.00000
    endloop
  endfacet
  facet normal -0.970440 -0.241342 0.000000
    outer loop
      vertex -9.25189 4.26518 2.94847
      vertex -9.29358 4.43281 3.10636
      vertex -9.29358 4.43281 0.00000
    endloop
  endfacet
  facet normal -0.970440 -0.241342 -0.000000
    outer loop
      vertex -9.25189 4.26518 2.94847
      vertex -9.29358 4.43281 0.00000
      vertex -9.25189 4.26518 0.00000
    endloop
  endfacet
  facet normal -0.972934 -0.231081 0.000000
    outer loop
      vertex -9.23251 4.18356 2.86999
      vertex -9.25189 4.26518 2.94847
      vertex -9.25189 4.26518 0.00000
    endloop
  endfacet
  facet normal -0.972937 -0.231070 0.000000
    outer loop
      vertex -9.21312 4.10195 2.79151
      vertex -9.23251 4.18356 2.86999
      vertex -9.23251 4.18356 0.00000
    endloop
  endfacet
  facet normal -0.972934 -0.231081 -0.000000
    outer loop
      vertex -9.23251 4.18356 2.86999
      vertex -9.25189 4.26518 0.00000
      vertex -9.23251 4.18356 0.00000
    endloop
  endfacet
  facet normal -0.972937 -0.231070 -0.000000
    outer loop
      vertex -9.21312 4.10195 2.79151
      vertex -9.23251 4.18356 0.00000
      vertex -9.21312 4.10195 0.00000
    endloop
  endfacet
  facet normal -0.979278 -0.202519 0.000000
    outer loop
      vertex -9.18051 3.94426 2.63385
      vertex -9.21312 4.10195 2.79151
      vertex -9.21312 4.10195 0.00000
    endloop
  endfacet
  facet normal -0.979278 -0.202519 -0.000000
    outer loop
      vertex -9.18051 3.94426 2.63385
      vertex -9.21312 4.10195 0.00000
      vertex -9.18051 3.94426 0.00000
    endloop
  endfacet
  facet normal -0.994475 -0.104976 0.000000
    outer loop
      vertex -9.17270 3.87024 2.55193
      vertex -9.18051 3.94426 2.63385
      vertex -9.18051 3.94426 0.00000
    endloop
  endfacet
  facet normal -0.994473 -0.104989 0.000000
    outer loop
      vertex -9.16488 3.79622 2.47000
      vertex -9.17270 3.87024 2.55193
      vertex -9.17270 3.87024 0.00000
    endloop
  endfacet
  facet normal -0.994475 -0.104976 -0.000000
    outer loop
      vertex -9.17270 3.87024 2.55193
      vertex -9.18051 3.94426 0.00000
      vertex -9.17270 3.87024 0.00000
    endloop
  endfacet
  facet normal -0.994473 -0.104989 -0.000000
    outer loop
      vertex -9.16488 3.79622 2.47000
      vertex -9.17270 3.87024 0.00000
      vertex -9.16488 3.79622 0.00000
    endloop
  endfacet
  facet normal -0.994473 0.104989 0.000000
    outer loop
      vertex -9.17270 -3.87024 2.55193
      vertex -9.16488 -3.79622 2.47000
      vertex -9.17270 -3.87024 0.00000
    endloop
  endfacet
  facet normal -0.994475 0.104976 0.000000
    outer loop
      vertex -9.18051 -3.94426 2.63385
      vertex -9.17270 -3.87024 2.55193
      vertex -9.18051 -3.94426 0.00000
    endloop
  endfacet
  facet normal -0.994473 0.104989 0.000000
    outer loop
      vertex -9.16488 -3.79622 2.47000
      vertex -9.16488 -3.79622 0.00000
      vertex -9.17270 -3.87024 0.00000
    endloop
  endfacet
  facet normal -0.994475 0.104976 0.000000
    outer loop
      vertex -9.17270 -3.87024 2.55193
      vertex -9.17270 -3.87024 0.00000
      vertex -9.18051 -3.94426 0.00000
    endloop
  endfacet
  facet normal -0.979278 0.202519 0.000000
    outer loop
      vertex -9.21312 -4.10195 2.79151
      vertex -9.18051 -3.94426 2.63385
      vertex -9.21312 -4.10195 0.00000
    endloop
  endfacet
  facet normal -0.979278 0.202519 0.000000
    outer loop
      vertex -9.18051 -3.94426 2.63385
      vertex -9.18051 -3.94426 0.00000
      vertex -9.21312 -4.10195 0.00000
    endloop
  endfacet
  facet normal -0.972937 0.231070 0.000000
    outer loop
      vertex -9.23251 -4.18356 2.86999
      vertex -9.21312 -4.10195 2.79151
      vertex -9.23251 -4.18356 0.00000
    endloop
  endfacet
  facet normal -0.972934 0.231081 0.000000
    outer loop
      vertex -9.25189 -4.26518 2.94847
      vertex -9.23251 -4.18356 2.86999
      vertex -9.25189 -4.26518 0.00000
    endloop
  endfacet
  facet normal -0.972937 0.231070 0.000000
    outer loop
      vertex -9.21312 -4.10195 2.79151
      vertex -9.21312 -4.10195 0.00000
      vertex -9.23251 -4.18356 0.00000
    endloop
  endfacet
  facet normal -0.972934 0.231081 0.000000
    outer loop
      vertex -9.23251 -4.18356 2.86999
      vertex -9.23251 -4.18356 0.00000
      vertex -9.25189 -4.26518 0.00000
    endloop
  endfacet
  facet normal -0.970441 0.241337 0.000000
    outer loop
      vertex -9.27274 -4.34900 3.02742
      vertex -9.25189 -4.26518 2.94847
      vertex -9.27274 -4.34900 0.00000
    endloop
  endfacet
  facet normal -0.970439 0.241348 0.000000
    outer loop
      vertex -9.29358 -4.43281 3.10636
      vertex -9.27274 -4.34900 3.02742
      vertex -9.29358 -4.43281 0.00000
    endloop
  endfacet
  facet normal -0.970441 0.241337 0.000000
    outer loop
      vertex -9.25189 -4.26518 2.94847
      vertex -9.25189 -4.26518 0.00000
      vertex -9.27274 -4.34900 0.00000
    endloop
  endfacet
  facet normal -0.970439 0.241348 0.000000
    outer loop
      vertex -9.27274 -4.34900 3.02742
      vertex -9.27274 -4.34900 0.00000
      vertex -9.29358 -4.43281 0.00000
    endloop
  endfacet
  facet normal -0.970303 0.241894 0.000000
    outer loop
      vertex -9.31494 -4.51848 3.18614
      vertex -9.29358 -4.43281 3.10636
      vertex -9.31494 -4.51848 0.00000
    endloop
  endfacet
  facet normal -0.970303 0.241894 0.000000
    outer loop
      vertex -9.33629 -4.60415 3.26593
      vertex -9.31494 -4.51848 3.18614
      vertex -9.33629 -4.60415 0.00000
    endloop
  endfacet
  facet normal -0.970303 0.241894 0.000000
    outer loop
      vertex -9.29358 -4.43281 3.10636
      vertex -9.29358 -4.43281 0.00000
      vertex -9.31494 -4.51848 0.00000
    endloop
  endfacet
  facet normal -0.970303 0.241894 0.000000
    outer loop
      vertex -9.31494 -4.51848 3.18614
      vertex -9.31494 -4.51848 0.00000
      vertex -9.33629 -4.60415 0.00000
    endloop
  endfacet
  facet normal -0.971750 0.236012 0.000000
    outer loop
      vertex -9.37868 -4.77868 3.42750
      vertex -9.33629 -4.60415 3.26593
      vertex -9.37868 -4.77868 0.00000
    endloop
  endfacet
  facet normal -0.971750 0.236012 0.000000
    outer loop
      vertex -9.33629 -4.60415 3.26593
      vertex -9.33629 -4.60415 0.00000
      vertex -9.37868 -4.77868 0.00000
    endloop
  endfacet
  facet normal -0.974288 0.225307 0.000000
    outer loop
      vertex -9.41967 -4.95593 3.59114
      vertex -9.37868 -4.77868 3.42750
      vertex -9.41967 -4.95593 0.00000
    endloop
  endfacet
  facet normal -0.974288 0.225307 0.000000
    outer loop
      vertex -9.37868 -4.77868 3.42750
      vertex -9.37868 -4.77868 0.00000
      vertex -9.41967 -4.95593 0.00000
    endloop
  endfacet
  facet normal -0.977555 0.210681 0.000000
    outer loop
      vertex -9.43902 -5.04570 3.67391
      vertex -9.41967 -4.95593 3.59114
      vertex -9.43902 -5.04570 0.00000
    endloop
  endfacet
  facet normal -0.977557 0.210671 0.000000
    outer loop
      vertex -9.45837 -5.13547 3.75668
      vertex -9.43902 -5.04570 3.67391
      vertex -9.45837 -5.13547 0.00000
    endloop
  endfacet
  facet normal -0.977555 0.210681 0.000000
    outer loop
      vertex -9.41967 -4.95593 3.59114
      vertex -9.41967 -4.95593 0.00000
      vertex -9.43902 -5.04570 0.00000
    endloop
  endfacet
  facet normal -0.977557 0.210671 0.000000
    outer loop
      vertex -9.43902 -5.04570 3.67391
      vertex -9.43902 -5.04570 0.00000
      vertex -9.45837 -5.13547 0.00000
    endloop
  endfacet
  facet normal -0.981266 0.192660 0.000000
    outer loop
      vertex -9.49399 -5.31689 3.92378
      vertex -9.45837 -5.13547 3.75668
      vertex -9.49399 -5.31689 0.00000
    endloop
  endfacet
  facet normal -0.981266 0.192660 0.000000
    outer loop
      vertex -9.45837 -5.13547 3.75668
      vertex -9.45837 -5.13547 0.00000
      vertex -9.49399 -5.31689 0.00000
    endloop
  endfacet
  facet normal -0.985171 0.171577 0.000000
    outer loop
      vertex -9.52583 -5.49974 4.09198
      vertex -9.49399 -5.31689 3.92378
      vertex -9.52583 -5.49974 0.00000
    endloop
  endfacet
  facet normal -0.985171 0.171577 0.000000
    outer loop
      vertex -9.49399 -5.31689 3.92378
      vertex -9.49399 -5.31689 0.00000
      vertex -9.52583 -5.49974 0.00000
    endloop
  endfacet
  facet normal -0.989038 0.147664 0.000000
    outer loop
      vertex -9.55328 -5.68361 4.26066
      vertex -9.52583 -5.49974 4.09198
      vertex -9.55328 -5.68361 0.00000
    endloop
  endfacet
  facet normal -0.989038 0.147664 0.000000
    outer loop
      vertex -9.52583 -5.49974 4.09198
      vertex -9.52583 -5.49974 0.00000
      vertex -9.55328 -5.68361 0.00000
    endloop
  endfacet
  facet normal -0.992646 0.121049 0.000000
    outer loop
      vertex -9.57577 -5.86804 4.42911
      vertex -9.55328 -5.68361 4.26066
      vertex -9.57577 -5.86804 0.00000
    endloop
  endfacet
  facet normal -0.992646 0.121049 0.000000
    outer loop
      vertex -9.55328 -5.68361 4.26066
      vertex -9.55328 -5.68361 0.00000
      vertex -9.57577 -5.86804 0.00000
    endloop
  endfacet
  facet normal -0.995774 0.091837 0.000000
    outer loop
      vertex -9.58428 -5.96032 4.51283
      vertex -9.57577 -5.86804 4.42911
      vertex -9.58428 -5.96032 0.00000
    endloop
  endfacet
  facet normal -0.995775 0.091826 0.000000
    outer loop
      vertex -9.59279 -6.05260 4.59654
      vertex -9.58428 -5.96032 4.51283
      vertex -9.59279 -6.05260 0.00000
    endloop
  endfacet
  facet normal -0.995774 0.091837 0.000000
    outer loop
      vertex -9.57577 -5.86804 4.42911
      vertex -9.57577 -5.86804 0.00000
      vertex -9.58428 -5.96032 0.00000
    endloop
  endfacet
  facet normal -0.995775 0.091826 0.000000
    outer loop
      vertex -9.58428 -5.96032 4.51283
      vertex -9.58428 -5.96032 0.00000
      vertex -9.59279 -6.05260 0.00000
    endloop
  endfacet
  facet normal -0.998194 0.060076 0.000000
    outer loop
      vertex -9.60388 -6.23683 4.76204
      vertex -9.59279 -6.05260 4.59654
      vertex -9.60388 -6.23683 0.00000
    endloop
  endfacet
  facet normal -0.998194 0.060076 0.000000
    outer loop
      vertex -9.59279 -6.05260 4.59654
      vertex -9.59279 -6.05260 0.00000
      vertex -9.60388 -6.23683 0.00000
    endloop
  endfacet
  facet normal -0.999666 0.025827 0.000000
    outer loop
      vertex -9.60862 -6.42027 4.92467
      vertex -9.60388 -6.23683 4.76204
      vertex -9.60862 -6.42027 0.00000
    endloop
  endfacet
  facet normal -0.999666 0.025827 0.000000
    outer loop
      vertex -9.60388 -6.23683 4.76204
      vertex -9.60388 -6.23683 0.00000
      vertex -9.60862 -6.42027 0.00000
    endloop
  endfacet
  facet normal -0.999941 -0.010865 -0.000000
    outer loop
      vertex -9.60664 -6.60246 5.08343
      vertex -9.60862 -6.42027 4.92467
      vertex -9.60664 -6.60246 0.00000
    endloop
  endfacet
  facet normal -0.999941 -0.010865 -0.000000
    outer loop
      vertex -9.60862 -6.42027 4.92467
      vertex -9.60862 -6.42027 0.00000
      vertex -9.60664 -6.60246 0.00000
    endloop
  endfacet
  facet normal -0.998752 -0.049944 -0.000000
    outer loop
      vertex -9.59762 -6.78293 5.23728
      vertex -9.60664 -6.60246 5.08343
      vertex -9.59762 -6.78293 0.00000
    endloop
  endfacet
  facet normal -0.998752 -0.049944 -0.000000
    outer loop
      vertex -9.60664 -6.60246 5.08343
      vertex -9.60664 -6.60246 0.00000
      vertex -9.59762 -6.78293 0.00000
    endloop
  endfacet
  facet normal -0.995820 -0.091339 -0.000000
    outer loop
      vertex -9.58127 -6.96120 5.38515
      vertex -9.59762 -6.78293 5.23728
      vertex -9.58127 -6.96120 0.00000
    endloop
  endfacet
  facet normal -0.995820 -0.091339 -0.000000
    outer loop
      vertex -9.59762 -6.78293 5.23728
      vertex -9.59762 -6.78293 0.00000
      vertex -9.58127 -6.96120 0.00000
    endloop
  endfacet
  facet normal -0.990851 -0.134957 -0.000000
    outer loop
      vertex -9.55735 -7.13681 5.52600
      vertex -9.58127 -6.96120 5.38515
      vertex -9.55735 -7.13681 0.00000
    endloop
  endfacet
  facet normal -0.990851 -0.134957 -0.000000
    outer loop
      vertex -9.58127 -6.96120 5.38515
      vertex -9.58127 -6.96120 0.00000
      vertex -9.55735 -7.13681 0.00000
    endloop
  endfacet
  facet normal -0.983546 -0.180657 -0.000000
    outer loop
      vertex -9.52566 -7.30930 5.65877
      vertex -9.55735 -7.13681 5.52600
      vertex -9.52566 -7.30930 0.00000
    endloop
  endfacet
  facet normal -0.983546 -0.180657 -0.000000
    outer loop
      vertex -9.55735 -7.13681 5.52600
      vertex -9.55735 -7.13681 0.00000
      vertex -9.52566 -7.30930 0.00000
    endloop
  endfacet
  facet normal -0.973599 -0.228264 -0.000000
    outer loop
      vertex -9.50586 -7.39375 5.72061
      vertex -9.52566 -7.30930 5.65877
      vertex -9.50586 -7.39375 0.00000
    endloop
  endfacet
  facet normal -0.973599 -0.228265 -0.000000
    outer loop
      vertex -9.48606 -7.47821 5.78245
      vertex -9.50586 -7.39375 5.72061
      vertex -9.48606 -7.47821 0.00000
    endloop
  endfacet
  facet normal -0.973599 -0.228264 -0.000000
    outer loop
      vertex -9.52566 -7.30930 5.65877
      vertex -9.52566 -7.30930 0.00000
      vertex -9.50586 -7.39375 0.00000
    endloop
  endfacet
  facet normal -0.973599 -0.228265 -0.000000
    outer loop
      vertex -9.50586 -7.39375 5.72061
      vertex -9.50586 -7.39375 0.00000
      vertex -9.48606 -7.47821 0.00000
    endloop
  endfacet
  facet normal -0.960712 -0.277548 -0.000000
    outer loop
      vertex -9.43843 -7.64309 5.89605
      vertex -9.48606 -7.47821 5.78245
      vertex -9.43843 -7.64309 0.00000
    endloop
  endfacet
  facet normal -0.960712 -0.277548 -0.000000
    outer loop
      vertex -9.48606 -7.47821 5.78245
      vertex -9.48606 -7.47821 0.00000
      vertex -9.43843 -7.64309 0.00000
    endloop
  endfacet
  facet normal -0.944608 -0.328200 -0.000000
    outer loop
      vertex -9.38269 -7.80350 5.99866
      vertex -9.43843 -7.64309 5.89605
      vertex -9.38269 -7.80350 0.00000
    endloop
  endfacet
  facet normal -0.944608 -0.328200 -0.000000
    outer loop
      vertex -9.43843 -7.64309 5.89605
      vertex -9.43843 -7.64309 0.00000
      vertex -9.38269 -7.80350 0.00000
    endloop
  endfacet
  facet normal -0.925039 -0.379871 -0.000000
    outer loop
      vertex -9.35076 -7.88127 6.04404
      vertex -9.38269 -7.80350 5.99866
      vertex -9.35076 -7.88127 0.00000
    endloop
  endfacet
  facet normal -0.925039 -0.379871 -0.000000
    outer loop
      vertex -9.31883 -7.95903 6.08943
      vertex -9.35076 -7.88127 6.04404
      vertex -9.31883 -7.95903 0.00000
    endloop
  endfacet
  facet normal -0.925039 -0.379871 -0.000000
    outer loop
      vertex -9.38269 -7.80350 5.99866
      vertex -9.38269 -7.80350 0.00000
      vertex -9.35076 -7.88127 0.00000
    endloop
  endfacet
  facet normal -0.925039 -0.379871 -0.000000
    outer loop
      vertex -9.35076 -7.88127 6.04404
      vertex -9.35076 -7.88127 0.00000
      vertex -9.31883 -7.95903 0.00000
    endloop
  endfacet
  facet normal -0.901802 -0.432149 -0.000000
    outer loop
      vertex -9.24684 -8.10926 6.16760
      vertex -9.31883 -7.95903 6.08943
      vertex -9.24684 -8.10926 0.00000
    endloop
  endfacet
  facet normal -0.901802 -0.432149 -0.000000
    outer loop
      vertex -9.31883 -7.95903 6.08943
      vertex -9.31883 -7.95903 0.00000
      vertex -9.24684 -8.10926 0.00000
    endloop
  endfacet
  facet normal -0.874770 -0.484539 -0.000000
    outer loop
      vertex -9.20680 -8.18153 6.20005
      vertex -9.24684 -8.10926 6.16760
      vertex -9.20680 -8.18153 0.00000
    endloop
  endfacet
  facet normal -0.874771 -0.484537 -0.000000
    outer loop
      vertex -9.16677 -8.25380 6.23250
      vertex -9.20680 -8.18153 6.20005
      vertex -9.16677 -8.25380 0.00000
    endloop
  endfacet
  facet normal -0.874770 -0.484539 -0.000000
    outer loop
      vertex -9.24684 -8.10926 6.16760
      vertex -9.24684 -8.10926 0.00000
      vertex -9.20680 -8.18153 0.00000
    endloop
  endfacet
  facet normal -0.874771 -0.484537 -0.000000
    outer loop
      vertex -9.20680 -8.18153 6.20005
      vertex -9.20680 -8.18153 0.00000
      vertex -9.16677 -8.25380 0.00000
    endloop
  endfacet
  facet normal -0.843888 -0.536520 -0.000000
    outer loop
      vertex -9.12275 -8.32304 6.25804
      vertex -9.16677 -8.25380 6.23250
      vertex -9.12275 -8.32304 0.00000
    endloop
  endfacet
  facet normal -0.843897 -0.536506 -0.000000
    outer loop
      vertex -9.07873 -8.39229 6.28358
      vertex -9.12275 -8.32304 6.25804
      vertex -9.07873 -8.39229 0.00000
    endloop
  endfacet
  facet normal -0.843888 -0.536520 -0.000000
    outer loop
      vertex -9.16677 -8.25380 6.23250
      vertex -9.16677 -8.25380 0.00000
      vertex -9.12275 -8.32304 0.00000
    endloop
  endfacet
  facet normal -0.843897 -0.536506 -0.000000
    outer loop
      vertex -9.12275 -8.32304 6.25804
      vertex -9.12275 -8.32304 0.00000
      vertex -9.07873 -8.39229 0.00000
    endloop
  endfacet
  facet normal -0.809209 -0.587521 -0.000000
    outer loop
      vertex -8.98282 -8.52438 6.32039
      vertex -9.07873 -8.39229 6.28358
      vertex -8.98282 -8.52438 0.00000
    endloop
  endfacet
  facet normal -0.809209 -0.587521 -0.000000
    outer loop
      vertex -9.07873 -8.39229 6.28358
      vertex -9.07873 -8.39229 0.00000
      vertex -8.98282 -8.52438 0.00000
    endloop
  endfacet
  facet normal -0.770871 -0.636991 -0.000000
    outer loop
      vertex -8.87922 -8.64976 6.34260
      vertex -8.98282 -8.52438 6.32039
      vertex -8.87922 -8.64976 0.00000
    endloop
  endfacet
  facet normal -0.770871 -0.636991 -0.000000
    outer loop
      vertex -8.98282 -8.52438 6.32039
      vertex -8.98282 -8.52438 0.00000
      vertex -8.87922 -8.64976 0.00000
    endloop
  endfacet
  facet normal -0.729142 -0.684362 -0.000000
    outer loop
      vertex -8.76812 -8.76812 6.35003
      vertex -8.87922 -8.64976 6.34260
      vertex -8.76812 -8.76812 0.00000
    endloop
  endfacet
  facet normal -0.729142 -0.684362 -0.000000
    outer loop
      vertex -8.87922 -8.64976 6.34260
      vertex -8.87922 -8.64976 0.00000
      vertex -8.76812 -8.76812 0.00000
    endloop
  endfacet
  facet normal -0.684368 -0.729136 0.000000
    outer loop
      vertex -8.70894 -8.82367 6.34632
      vertex -8.76812 -8.76812 6.35003
      vertex -8.76812 -8.76812 0.00000
    endloop
  endfacet
  facet normal -0.684356 -0.729148 0.000000
    outer loop
      vertex -8.64976 -8.87922 6.34260
      vertex -8.70894 -8.82367 6.34632
      vertex -8.70894 -8.82367 0.00000
    endloop
  endfacet
  facet normal -0.684368 -0.729136 -0.000000
    outer loop
      vertex -8.70894 -8.82367 6.34632
      vertex -8.76812 -8.76812 0.00000
      vertex -8.70894 -8.82367 0.00000
    endloop
  endfacet
  facet normal -0.684356 -0.729148 -0.000000
    outer loop
      vertex -8.64976 -8.87922 6.34260
      vertex -8.70894 -8.82367 0.00000
      vertex -8.64976 -8.87922 0.00000
    endloop
  endfacet
  facet normal -0.636991 -0.770871 0.000000
    outer loop
      vertex -8.52438 -8.98282 6.32039
      vertex -8.64976 -8.87922 6.34260
      vertex -8.64976 -8.87922 0.00000
    endloop
  endfacet
  facet normal -0.636991 -0.770871 -0.000000
    outer loop
      vertex -8.52438 -8.98282 6.32039
      vertex -8.64976 -8.87922 0.00000
      vertex -8.52438 -8.98282 0.00000
    endloop
  endfacet
  facet normal -0.587521 -0.809209 0.000000
    outer loop
      vertex -8.39229 -9.07873 6.28358
      vertex -8.52438 -8.98282 6.32039
      vertex -8.52438 -8.98282 0.00000
    endloop
  endfacet
  facet normal -0.587521 -0.809209 -0.000000
    outer loop
      vertex -8.39229 -9.07873 6.28358
      vertex -8.52438 -8.98282 0.00000
      vertex -8.39229 -9.07873 0.00000
    endloop
  endfacet
  facet normal -0.536513 -0.843892 0.000000
    outer loop
      vertex -8.25380 -9.16677 6.23250
      vertex -8.39229 -9.07873 6.28358
      vertex -8.39229 -9.07873 0.00000
    endloop
  endfacet
  facet normal -0.536513 -0.843892 -0.000000
    outer loop
      vertex -8.25380 -9.16677 6.23250
      vertex -8.39229 -9.07873 0.00000
      vertex -8.25380 -9.16677 0.00000
    endloop
  endfacet
  facet normal -0.484538 -0.874770 0.000000
    outer loop
      vertex -8.10926 -9.24684 6.16760
      vertex -8.25380 -9.16677 6.23250
      vertex -8.25380 -9.16677 0.00000
    endloop
  endfacet
  facet normal -0.484538 -0.874770 -0.000000
    outer loop
      vertex -8.10926 -9.24684 6.16760
      vertex -8.25380 -9.16677 0.00000
      vertex -8.10926 -9.24684 0.00000
    endloop
  endfacet
  facet normal -0.432149 -0.901802 0.000000
    outer loop
      vertex -7.95903 -9.31883 6.08943
      vertex -8.10926 -9.24684 6.16760
      vertex -8.10926 -9.24684 0.00000
    endloop
  endfacet
  facet normal -0.432149 -0.901802 -0.000000
    outer loop
      vertex -7.95903 -9.31883 6.08943
      vertex -8.10926 -9.24684 0.00000
      vertex -7.95903 -9.31883 0.00000
    endloop
  endfacet
  facet normal -0.379871 -0.925039 0.000000
    outer loop
      vertex -7.88127 -9.35076 6.04404
      vertex -7.95903 -9.31883 6.08943
      vertex -7.95903 -9.31883 0.00000
    endloop
  endfacet
  facet normal -0.379871 -0.925039 0.000000
    outer loop
      vertex -7.80350 -9.38269 5.99866
      vertex -7.88127 -9.35076 6.04404
      vertex -7.88127 -9.35076 0.00000
    endloop
  endfacet
  facet normal -0.379871 -0.925039 -0.000000
    outer loop
      vertex -7.88127 -9.35076 6.04404
      vertex -7.95903 -9.31883 0.00000
      vertex -7.88127 -9.35076 0.00000
    endloop
  endfacet
  facet normal -0.379871 -0.925039 -0.000000
    outer loop
      vertex -7.80350 -9.38269 5.99866
      vertex -7.88127 -9.35076 0.00000
      vertex -7.80350 -9.38269 0.00000
    endloop
  endfacet
  facet normal -0.328204 -0.944607 0.000000
    outer loop
      vertex -7.72330 -9.41056 5.94735
      vertex -7.80350 -9.38269 5.99866
      vertex -7.80350 -9.38269 0.00000
    endloop
  endfacet
  facet normal -0.328196 -0.944610 0.000000
    outer loop
      vertex -7.64309 -9.43843 5.89605
      vertex -7.72330 -9.41056 5.94735
      vertex -7.72330 -9.41056 0.00000
    endloop
  endfacet
  facet normal -0.328204 -0.944607 -0.000000
    outer loop
      vertex -7.72330 -9.41056 5.94735
      vertex -7.80350 -9.38269 0.00000
      vertex -7.72330 -9.41056 0.00000
    endloop
  endfacet
  facet normal -0.328196 -0.944610 -0.000000
    outer loop
      vertex -7.64309 -9.43843 5.89605
      vertex -7.72330 -9.41056 0.00000
      vertex -7.64309 -9.43843 0.00000
    endloop
  endfacet
  facet normal -0.277553 -0.960710 0.000000
    outer loop
      vertex -7.56065 -9.46225 5.83925
      vertex -7.64309 -9.43843 5.89605
      vertex -7.64309 -9.43843 0.00000
    endloop
  endfacet
  facet normal -0.277543 -0.960713 0.000000
    outer loop
      vertex -7.47821 -9.48606 5.78245
      vertex -7.56065 -9.46225 5.83925
      vertex -7.56065 -9.46225 0.00000
    endloop
  endfacet
  facet normal -0.277553 -0.960710 -0.000000
    outer loop
      vertex -7.56065 -9.46225 5.83925
      vertex -7.64309 -9.43843 0.00000
      vertex -7.56065 -9.46225 0.00000
    endloop
  endfacet
  facet normal -0.277543 -0.960713 -0.000000
    outer loop
      vertex -7.47821 -9.48606 5.78245
      vertex -7.56065 -9.46225 0.00000
      vertex -7.47821 -9.48606 0.00000
    endloop
  endfacet
  facet normal -0.228264 -0.973599 0.000000
    outer loop
      vertex -7.30930 -9.52566 5.65877
      vertex -7.47821 -9.48606 5.78245
      vertex -7.47821 -9.48606 0.00000
    endloop
  endfacet
  facet normal -0.228264 -0.973599 -0.000000
    outer loop
      vertex -7.30930 -9.52566 5.65877
      vertex -7.47821 -9.48606 0.00000
      vertex -7.30930 -9.52566 0.00000
    endloop
  endfacet
  facet normal -0.180651 -0.983547 0.000000
    outer loop
      vertex -7.22305 -9.54150 5.59239
      vertex -7.30930 -9.52566 5.65877
      vertex -7.30930 -9.52566 0.00000
    endloop
  endfacet
  facet normal -0.180662 -0.983545 0.000000
    outer loop
      vertex -7.13681 -9.55735 5.52600
      vertex -7.22305 -9.54150 5.59239
      vertex -7.22305 -9.54150 0.00000
    endloop
  endfacet
  facet normal -0.180651 -0.983547 -0.000000
    outer loop
      vertex -7.22305 -9.54150 5.59239
      vertex -7.30930 -9.52566 0.00000
      vertex -7.22305 -9.54150 0.00000
    endloop
  endfacet
  facet normal -0.180662 -0.983545 -0.000000
    outer loop
      vertex -7.13681 -9.55735 5.52600
      vertex -7.22305 -9.54150 0.00000
      vertex -7.13681 -9.55735 0.00000
    endloop
  endfacet
  facet normal -0.134962 -0.990851 0.000000
    outer loop
      vertex -7.04900 -9.56931 5.45558
      vertex -7.13681 -9.55735 5.52600
      vertex -7.13681 -9.55735 0.00000
    endloop
  endfacet
  facet normal -0.134952 -0.990852 0.000000
    outer loop
      vertex -6.96120 -9.58127 5.38515
      vertex -7.04900 -9.56931 5.45558
      vertex -7.04900 -9.56931 0.00000
    endloop
  endfacet
  facet normal -0.134962 -0.990851 -0.000000
    outer loop
      vertex -7.04900 -9.56931 5.45558
      vertex -7.13681 -9.55735 0.00000
      vertex -7.04900 -9.56931 0.00000
    endloop
  endfacet
  facet normal -0.134952 -0.990852 -0.000000
    outer loop
      vertex -6.96120 -9.58127 5.38515
      vertex -7.04900 -9.56931 0.00000
      vertex -6.96120 -9.58127 0.00000
    endloop
  endfacet
  facet normal -0.091339 -0.995820 0.000000
    outer loop
      vertex -6.78293 -9.59762 5.23728
      vertex -6.96120 -9.58127 5.38515
      vertex -6.96120 -9.58127 0.00000
    endloop
  endfacet
  facet normal -0.091339 -0.995820 -0.000000
    outer loop
      vertex -6.78293 -9.59762 5.23728
      vertex -6.96120 -9.58127 0.00000
      vertex -6.78293 -9.59762 0.00000
    endloop
  endfacet
  facet normal -0.049944 -0.998752 0.000000
    outer loop
      vertex -6.60246 -9.60664 5.08343
      vertex -6.78293 -9.59762 5.23728
      vertex -6.78293 -9.59762 0.00000
    endloop
  endfacet
  facet normal -0.049944 -0.998752 -0.000000
    outer loop
      vertex -6.60246 -9.60664 5.08343
      vertex -6.78293 -9.59762 0.00000
      vertex -6.60246 -9.60664 0.00000
    endloop
  endfacet
  facet normal -0.010859 -0.999941 0.000000
    outer loop
      vertex -6.51137 -9.60763 5.00405
      vertex -6.60246 -9.60664 5.08343
      vertex -6.60246 -9.60664 0.00000
    endloop
  endfacet
  facet normal -0.010870 -0.999941 0.000000
    outer loop
      vertex -6.42027 -9.60862 4.92467
      vertex -6.51137 -9.60763 5.00405
      vertex -6.51137 -9.60763 0.00000
    endloop
  endfacet
  facet normal -0.010859 -0.999941 -0.000000
    outer loop
      vertex -6.51137 -9.60763 5.00405
      vertex -6.60246 -9.60664 0.00000
      vertex -6.51137 -9.60763 0.00000
    endloop
  endfacet
  facet normal -0.010870 -0.999941 -0.000000
    outer loop
      vertex -6.42027 -9.60862 4.92467
      vertex -6.51137 -9.60763 0.00000
      vertex -6.42027 -9.60862 0.00000
    endloop
  endfacet
  facet normal 0.025827 -0.999666 0.000000
    outer loop
      vertex -6.23683 -9.60388 4.76204
      vertex -6.42027 -9.60862 4.92467
      vertex -6.42027 -9.60862 0.00000
    endloop
  endfacet
  facet normal 0.025827 -0.999666 0.000000
    outer loop
      vertex -6.23683 -9.60388 4.76204
      vertex -6.42027 -9.60862 0.00000
      vertex -6.23683 -9.60388 0.00000
    endloop
  endfacet
  facet normal 0.060076 -0.998194 0.000000
    outer loop
      vertex -6.14472 -9.59834 4.67929
      vertex -6.23683 -9.60388 4.76204
      vertex -6.23683 -9.60388 0.00000
    endloop
  endfacet
  facet normal 0.060076 -0.998194 0.000000
    outer loop
      vertex -6.05260 -9.59279 4.59654
      vertex -6.14472 -9.59834 4.67929
      vertex -6.14472 -9.59834 0.00000
    endloop
  endfacet
  facet normal 0.060076 -0.998194 0.000000
    outer loop
      vertex -6.14472 -9.59834 4.67929
      vertex -6.23683 -9.60388 0.00000
      vertex -6.14472 -9.59834 0.00000
    endloop
  endfacet
  facet normal 0.060076 -0.998194 0.000000
    outer loop
      vertex -6.05260 -9.59279 4.59654
      vertex -6.14472 -9.59834 0.00000
      vertex -6.05260 -9.59279 0.00000
    endloop
  endfacet
  facet normal 0.091832 -0.995775 0.000000
    outer loop
      vertex -5.86804 -9.57577 4.42911
      vertex -6.05260 -9.59279 4.59654
      vertex -6.05260 -9.59279 0.00000
    endloop
  endfacet
  facet normal 0.091832 -0.995775 0.000000
    outer loop
      vertex -5.86804 -9.57577 4.42911
      vertex -6.05260 -9.59279 0.00000
      vertex -5.86804 -9.57577 0.00000
    endloop
  endfacet
  facet normal 0.121044 -0.992647 0.000000
    outer loop
      vertex -5.77582 -9.56453 4.34489
      vertex -5.86804 -9.57577 4.42911
      vertex -5.86804 -9.57577 0.00000
    endloop
  endfacet
  facet normal 0.121055 -0.992646 0.000000
    outer loop
      vertex -5.68361 -9.55328 4.26066
      vertex -5.77582 -9.56453 4.34489
      vertex -5.77582 -9.56453 0.00000
    endloop
  endfacet
  facet normal 0.121044 -0.992647 0.000000
    outer loop
      vertex -5.77582 -9.56453 4.34489
      vertex -5.86804 -9.57577 0.00000
      vertex -5.77582 -9.56453 0.00000
    endloop
  endfacet
  facet normal 0.121055 -0.992646 0.000000
    outer loop
      vertex -5.68361 -9.55328 4.26066
      vertex -5.77582 -9.56453 0.00000
      vertex -5.68361 -9.55328 0.00000
    endloop
  endfacet
  facet normal 0.147664 -0.989038 0.000000
    outer loop
      vertex -5.49974 -9.52583 4.09198
      vertex -5.68361 -9.55328 4.26066
      vertex -5.68361 -9.55328 0.00000
    endloop
  endfacet
  facet normal 0.147664 -0.989038 0.000000
    outer loop
      vertex -5.49974 -9.52583 4.09198
      vertex -5.68361 -9.55328 0.00000
      vertex -5.49974 -9.52583 0.00000
    endloop
  endfacet
  facet normal 0.171577 -0.985171 0.000000
    outer loop
      vertex -5.31689 -9.49399 3.92378
      vertex -5.49974 -9.52583 4.09198
      vertex -5.49974 -9.52583 0.00000
    endloop
  endfacet
  facet normal 0.171577 -0.985171 0.000000
    outer loop
      vertex -5.31689 -9.49399 3.92378
      vertex -5.49974 -9.52583 0.00000
      vertex -5.31689 -9.49399 0.00000
    endloop
  endfacet
  facet normal 0.192654 -0.981267 0.000000
    outer loop
      vertex -5.22618 -9.47618 3.84023
      vertex -5.31689 -9.49399 3.92378
      vertex -5.31689 -9.49399 0.00000
    endloop
  endfacet
  facet normal 0.192665 -0.981265 0.000000
    outer loop
      vertex -5.13547 -9.45837 3.75668
      vertex -5.22618 -9.47618 3.84023
      vertex -5.22618 -9.47618 0.00000
    endloop
  endfacet
  facet normal 0.192654 -0.981267 0.000000
    outer loop
      vertex -5.22618 -9.47618 3.84023
      vertex -5.31689 -9.49399 0.00000
      vertex -5.22618 -9.47618 0.00000
    endloop
  endfacet
  facet normal 0.192665 -0.981265 0.000000
    outer loop
      vertex -5.13547 -9.45837 3.75668
      vertex -5.22618 -9.47618 0.00000
      vertex -5.13547 -9.45837 0.00000
    endloop
  endfacet
  facet normal 0.210676 -0.977556 0.000000
    outer loop
      vertex -4.95593 -9.41967 3.59114
      vertex -5.13547 -9.45837 3.75668
      vertex -5.13547 -9.45837 0.00000
    endloop
  endfacet
  facet normal 0.210676 -0.977556 0.000000
    outer loop
      vertex -4.95593 -9.41967 3.59114
      vertex -5.13547 -9.45837 0.00000
      vertex -4.95593 -9.41967 0.00000
    endloop
  endfacet
  facet normal 0.225307 -0.974288 0.000000
    outer loop
      vertex -4.77868 -9.37868 3.42750
      vertex -4.95593 -9.41967 3.59114
      vertex -4.95593 -9.41967 0.00000
    endloop
  endfacet
  facet normal 0.225307 -0.974288 0.000000
    outer loop
      vertex -4.77868 -9.37868 3.42750
      vertex -4.95593 -9.41967 0.00000
      vertex -4.77868 -9.37868 0.00000
    endloop
  endfacet
  facet normal 0.236017 -0.971749 0.000000
    outer loop
      vertex -4.69141 -9.35749 3.34672
      vertex -4.77868 -9.37868 3.42750
      vertex -4.77868 -9.37868 0.00000
    endloop
  endfacet
  facet normal 0.236006 -0.971751 0.000000
    outer loop
      vertex -4.60415 -9.33629 3.26593
      vertex -4.69141 -9.35749 3.34672
      vertex -4.69141 -9.35749 0.00000
    endloop
  endfacet
  facet normal 0.236017 -0.971749 0.000000
    outer loop
      vertex -4.69141 -9.35749 3.34672
      vertex -4.77868 -9.37868 0.00000
      vertex -4.69141 -9.35749 0.00000
    endloop
  endfacet
  facet normal 0.236006 -0.971751 0.000000
    outer loop
      vertex -4.60415 -9.33629 3.26593
      vertex -4.69141 -9.35749 0.00000
      vertex -4.60415 -9.33629 0.00000
    endloop
  endfacet
  facet normal 0.241894 -0.970303 0.000000
    outer loop
      vertex -4.51848 -9.31494 3.18614
      vertex -4.60415 -9.33629 3.26593
      vertex -4.60415 -9.33629 0.00000
    endloop
  endfacet
  facet normal 0.241894 -0.970303 0.000000
    outer loop
      vertex -4.43281 -9.29358 3.10636
      vertex -4.51848 -9.31494 3.18614
      vertex -4.51848 -9.31494 0.00000
    endloop
  endfacet
  facet normal 0.241894 -0.970303 0.000000
    outer loop
      vertex -4.51848 -9.31494 3.18614
      vertex -4.60415 -9.33629 0.00000
      vertex -4.51848 -9.31494 0.00000
    endloop
  endfacet
  facet normal 0.241894 -0.970303 0.000000
    outer loop
      vertex -4.43281 -9.29358 3.10636
      vertex -4.51848 -9.31494 0.00000
      vertex -4.43281 -9.29358 0.00000
    endloop
  endfacet
  facet normal 0.241342 -0.970440 0.000000
    outer loop
      vertex -4.26518 -9.25189 2.94847
      vertex -4.43281 -9.29358 3.10636
      vertex -4.43281 -9.29358 0.00000
    endloop
  endfacet
  facet normal 0.241342 -0.970440 0.000000
    outer loop
      vertex -4.26518 -9.25189 2.94847
      vertex -4.43281 -9.29358 0.00000
      vertex -4.26518 -9.25189 0.00000
    endloop
  endfacet
  facet normal 0.231081 -0.972934 0.000000
    outer loop
      vertex -4.18356 -9.23251 2.86999
      vertex -4.26518 -9.25189 2.94847
      vertex -4.26518 -9.25189 0.00000
    endloop
  endfacet
  facet normal 0.231070 -0.972937 0.000000
    outer loop
      vertex -4.10195 -9.21312 2.79151
      vertex -4.18356 -9.23251 2.86999
      vertex -4.18356 -9.23251 0.00000
    endloop
  endfacet
  facet normal 0.231081 -0.972934 0.000000
    outer loop
      vertex -4.18356 -9.23251 2.86999
      vertex -4.26518 -9.25189 0.00000
      vertex -4.18356 -9.23251 0.00000
    endloop
  endfacet
  facet normal 0.231070 -0.972937 0.000000
    outer loop
      vertex -4.10195 -9.21312 2.79151
      vertex -4.18356 -9.23251 0.00000
      vertex -4.10195 -9.21312 0.00000
    endloop
  endfacet
  facet normal 0.202519 -0.979278 0.000000
    outer loop
      vertex -3.94426 -9.18051 2.63385
      vertex -4.10195 -9.21312 2.79151
      vertex -4.10195 -9.21312 0.00000
    endloop
  endfacet
  facet normal 0.202519 -0.979278 0.000000
    outer loop
      vertex -3.94426 -9.18051 2.63385
      vertex -4.10195 -9.21312 0.00000
      vertex -3.94426 -9.18051 0.00000
    endloop
  endfacet
  facet normal 0.104976 -0.994475 0.000000
    outer loop
      vertex -3.87024 -9.17270 2.55193
      vertex -3.94426 -9.18051 2.63385
      vertex -3.94426 -9.18051 0.00000
    endloop
  endfacet
  facet normal 0.104989 -0.994473 0.000000
    outer loop
      vertex -3.79622 -9.16488 2.47000
      vertex -3.87024 -9.17270 2.55193
      vertex -3.87024 -9.17270 0.00000
    endloop
  endfacet
  facet normal 0.104976 -0.994475 0.000000
    outer loop
      vertex -3.87024 -9.17270 2.55193
      vertex -3.94426 -9.18051 0.00000
      vertex -3.87024 -9.17270 0.00000
    endloop
  endfacet
  facet normal 0.104989 -0.994473 0.000000
    outer loop
      vertex -3.79622 -9.16488 2.47000
      vertex -3.87024 -9.17270 0.00000
      vertex -3.79622 -9.16488 0.00000
    endloop
  endfacet
  facet normal -0.777433 -0.628966 -0.000000
    outer loop
      vertex -3.74941 -9.22275 2.55193
      vertex -3.79622 -9.16488 2.47000
      vertex -3.74941 -9.22275 0.00000
    endloop
  endfacet
  facet normal -0.777433 -0.628966 -0.000000
    outer loop
      vertex -3.70259 -9.28062 2.63385
      vertex -3.74941 -9.22275 2.55193
      vertex -3.70259 -9.28062 0.00000
    endloop
  endfacet
  facet normal -0.777433 -0.628966 -0.000000
    outer loop
      vertex -3.79622 -9.16488 2.47000
      vertex -3.79622 -9.16488 0.00000
      vertex -3.74941 -9.22275 0.00000
    endloop
  endfacet
  facet normal -0.777433 -0.628966 -0.000000
    outer loop
      vertex -3.74941 -9.22275 2.55193
      vertex -3.74941 -9.22275 0.00000
      vertex -3.70259 -9.28062 0.00000
    endloop
  endfacet
  facet normal -0.835656 -0.549253 -0.000000
    outer loop
      vertex -3.61415 -9.41518 2.79151
      vertex -3.70259 -9.28062 2.63385
      vertex -3.61415 -9.41518 0.00000
    endloop
  endfacet
  facet normal -0.835656 -0.549253 -0.000000
    outer loop
      vertex -3.70259 -9.28062 2.63385
      vertex -3.70259 -9.28062 0.00000
      vertex -3.61415 -9.41518 0.00000
    endloop
  endfacet
  facet normal -0.851364 -0.524576 -0.000000
    outer loop
      vertex -3.52614 -9.55801 2.94847
      vertex -3.61415 -9.41518 2.79151
      vertex -3.52614 -9.55801 0.00000
    endloop
  endfacet
  facet normal -0.851364 -0.524576 -0.000000
    outer loop
      vertex -3.61415 -9.41518 2.79151
      vertex -3.61415 -9.41518 0.00000
      vertex -3.52614 -9.55801 0.00000
    endloop
  endfacet
  facet normal -0.856860 -0.515549 -0.000000
    outer loop
      vertex -3.43708 -9.70602 3.10636
      vertex -3.52614 -9.55801 2.94847
      vertex -3.43708 -9.70602 0.00000
    endloop
  endfacet
  facet normal -0.856860 -0.515549 -0.000000
    outer loop
      vertex -3.52614 -9.55801 2.94847
      vertex -3.52614 -9.55801 0.00000
      vertex -3.43708 -9.70602 0.00000
    endloop
  endfacet
  facet normal -0.857153 -0.515061 -0.000000
    outer loop
      vertex -3.39161 -9.78170 3.18614
      vertex -3.43708 -9.70602 3.10636
      vertex -3.39161 -9.78170 0.00000
    endloop
  endfacet
  facet normal -0.857152 -0.515064 -0.000000
    outer loop
      vertex -3.34613 -9.85738 3.26593
      vertex -3.39161 -9.78170 3.18614
      vertex -3.34613 -9.85738 0.00000
    endloop
  endfacet
  facet normal -0.857153 -0.515061 -0.000000
    outer loop
      vertex -3.43708 -9.70602 3.10636
      vertex -3.43708 -9.70602 0.00000
      vertex -3.39161 -9.78170 0.00000
    endloop
  endfacet
  facet normal -0.857152 -0.515064 -0.000000
    outer loop
      vertex -3.39161 -9.78170 3.18614
      vertex -3.39161 -9.78170 0.00000
      vertex -3.34613 -9.85738 0.00000
    endloop
  endfacet
  facet normal -0.854016 -0.520247 -0.000000
    outer loop
      vertex -3.25269 -10.01076 3.42750
      vertex -3.34613 -9.85738 3.26593
      vertex -3.25269 -10.01076 0.00000
    endloop
  endfacet
  facet normal -0.854016 -0.520247 -0.000000
    outer loop
      vertex -3.34613 -9.85738 3.26593
      vertex -3.34613 -9.85738 0.00000
      vertex -3.25269 -10.01076 0.00000
    endloop
  endfacet
  facet normal -0.848244 -0.529606 -0.000000
    outer loop
      vertex -3.20452 -10.08793 3.50932
      vertex -3.25269 -10.01076 3.42750
      vertex -3.20452 -10.08793 0.00000
    endloop
  endfacet
  facet normal -0.848242 -0.529609 -0.000000
    outer loop
      vertex -3.15634 -10.16509 3.59114
      vertex -3.20452 -10.08793 3.50932
      vertex -3.15634 -10.16509 0.00000
    endloop
  endfacet
  facet normal -0.848244 -0.529606 -0.000000
    outer loop
      vertex -3.25269 -10.01076 3.42750
      vertex -3.25269 -10.01076 0.00000
      vertex -3.20452 -10.08793 0.00000
    endloop
  endfacet
  facet normal -0.848242 -0.529609 -0.000000
    outer loop
      vertex -3.20452 -10.08793 3.50932
      vertex -3.20452 -10.08793 0.00000
      vertex -3.15634 -10.16509 0.00000
    endloop
  endfacet
  facet normal -0.840210 -0.542262 -0.000000
    outer loop
      vertex -3.05675 -10.31941 3.75668
      vertex -3.15634 -10.16509 3.59114
      vertex -3.05675 -10.31941 0.00000
    endloop
  endfacet
  facet normal -0.840210 -0.542262 -0.000000
    outer loop
      vertex -3.15634 -10.16509 3.59114
      vertex -3.15634 -10.16509 0.00000
      vertex -3.05675 -10.31941 0.00000
    endloop
  endfacet
  facet normal -0.830087 -0.557633 -0.000000
    outer loop
      vertex -2.95365 -10.47287 3.92378
      vertex -3.05675 -10.31941 3.75668
      vertex -2.95365 -10.47287 0.00000
    endloop
  endfacet
  facet normal -0.830087 -0.557633 -0.000000
    outer loop
      vertex -3.05675 -10.31941 3.75668
      vertex -3.05675 -10.31941 0.00000
      vertex -2.95365 -10.47287 0.00000
    endloop
  endfacet
  facet normal -0.817946 -0.575295 -0.000000
    outer loop
      vertex -2.90026 -10.54878 4.00788
      vertex -2.95365 -10.47287 3.92378
      vertex -2.90026 -10.54878 0.00000
    endloop
  endfacet
  facet normal -0.817946 -0.575295 -0.000000
    outer loop
      vertex -2.84688 -10.62468 4.09198
      vertex -2.90026 -10.54878 4.00788
      vertex -2.84688 -10.62468 0.00000
    endloop
  endfacet
  facet normal -0.817946 -0.575295 -0.000000
    outer loop
      vertex -2.95365 -10.47287 3.92378
      vertex -2.95365 -10.47287 0.00000
      vertex -2.90026 -10.54878 0.00000
    endloop
  endfacet
  facet normal -0.817946 -0.575295 -0.000000
    outer loop
      vertex -2.90026 -10.54878 4.00788
      vertex -2.90026 -10.54878 0.00000
      vertex -2.84688 -10.62468 0.00000
    endloop
  endfacet
  facet normal -0.803769 -0.594942 -0.000000
    outer loop
      vertex -2.79158 -10.69940 4.17632
      vertex -2.84688 -10.62468 4.09198
      vertex -2.79158 -10.69940 0.00000
    endloop
  endfacet
  facet normal -0.803771 -0.594938 -0.000000
    outer loop
      vertex -2.73627 -10.77411 4.26066
      vertex -2.79158 -10.69940 4.17632
      vertex -2.73627 -10.77411 0.00000
    endloop
  endfacet
  facet normal -0.803769 -0.594942 -0.000000
    outer loop
      vertex -2.84688 -10.62468 4.09198
      vertex -2.84688 -10.62468 0.00000
      vertex -2.79158 -10.69940 0.00000
    endloop
  endfacet
  facet normal -0.803771 -0.594938 -0.000000
    outer loop
      vertex -2.79158 -10.69940 4.17632
      vertex -2.79158 -10.69940 0.00000
      vertex -2.73627 -10.77411 0.00000
    endloop
  endfacet
  facet normal -0.787501 -0.616313 -0.000000
    outer loop
      vertex -2.62176 -10.92043 4.42911
      vertex -2.73627 -10.77411 4.26066
      vertex -2.62176 -10.92043 0.00000
    endloop
  endfacet
  facet normal -0.787501 -0.616313 -0.000000
    outer loop
      vertex -2.73627 -10.77411 4.26066
      vertex -2.73627 -10.77411 0.00000
      vertex -2.62176 -10.92043 0.00000
    endloop
  endfacet
  facet normal -0.769053 -0.639185 -0.000000
    outer loop
      vertex -2.50329 -11.06297 4.59654
      vertex -2.62176 -10.92043 4.42911
      vertex -2.50329 -11.06297 0.00000
    endloop
  endfacet
  facet normal -0.769053 -0.639185 -0.000000
    outer loop
      vertex -2.62176 -10.92043 4.42911
      vertex -2.62176 -10.92043 0.00000
      vertex -2.50329 -11.06297 0.00000
    endloop
  endfacet
  facet normal -0.748308 -0.663351 -0.000000
    outer loop
      vertex -2.44208 -11.13202 4.67929
      vertex -2.50329 -11.06297 4.59654
      vertex -2.44208 -11.13202 0.00000
    endloop
  endfacet
  facet normal -0.748307 -0.663352 -0.000000
    outer loop
      vertex -2.38086 -11.20108 4.76204
      vertex -2.44208 -11.13202 4.67929
      vertex -2.38086 -11.20108 0.00000
    endloop
  endfacet
  facet normal -0.748308 -0.663351 -0.000000
    outer loop
      vertex -2.50329 -11.06297 4.59654
      vertex -2.50329 -11.06297 0.00000
      vertex -2.44208 -11.13202 0.00000
    endloop
  endfacet
  facet normal -0.748307 -0.663352 -0.000000
    outer loop
      vertex -2.44208 -11.13202 4.67929
      vertex -2.44208 -11.13202 0.00000
      vertex -2.38086 -11.20108 0.00000
    endloop
  endfacet
  facet normal -0.725135 -0.688607 -0.000000
    outer loop
      vertex -2.31768 -11.26761 4.84336
      vertex -2.38086 -11.20108 4.76204
      vertex -2.31768 -11.26761 0.00000
    endloop
  endfacet
  facet normal -0.725129 -0.688613 -0.000000
    outer loop
      vertex -2.25450 -11.33414 4.92467
      vertex -2.31768 -11.26761 4.84336
      vertex -2.25450 -11.33414 0.00000
    endloop
  endfacet
  facet normal -0.725135 -0.688607 -0.000000
    outer loop
      vertex -2.38086 -11.20108 4.76204
      vertex -2.38086 -11.20108 0.00000
      vertex -2.31768 -11.26761 0.00000
    endloop
  endfacet
  facet normal -0.725129 -0.688613 -0.000000
    outer loop
      vertex -2.31768 -11.26761 4.84336
      vertex -2.31768 -11.26761 0.00000
      vertex -2.25450 -11.33414 0.00000
    endloop
  endfacet
  facet normal -0.699383 -0.714747 -0.000000
    outer loop
      vertex -2.18939 -11.39785 5.00405
      vertex -2.25450 -11.33414 4.92467
      vertex -2.18939 -11.39785 0.00000
    endloop
  endfacet
  facet normal -0.699384 -0.714746 -0.000000
    outer loop
      vertex -2.12428 -11.46157 5.08343
      vertex -2.18939 -11.39785 5.00405
      vertex -2.12428 -11.46157 0.00000
    endloop
  endfacet
  facet normal -0.699383 -0.714747 -0.000000
    outer loop
      vertex -2.25450 -11.33414 4.92467
      vertex -2.25450 -11.33414 0.00000
      vertex -2.18939 -11.39785 0.00000
    endloop
  endfacet
  facet normal -0.699384 -0.714746 -0.000000
    outer loop
      vertex -2.18939 -11.39785 5.00405
      vertex -2.18939 -11.39785 0.00000
      vertex -2.12428 -11.46157 0.00000
    endloop
  endfacet
  facet normal -0.670910 -0.741538 -0.000000
    outer loop
      vertex -2.05728 -11.52218 5.16035
      vertex -2.12428 -11.46157 5.08343
      vertex -2.05728 -11.52218 0.00000
    endloop
  endfacet
  facet normal -0.670911 -0.741538 -0.000000
    outer loop
      vertex -1.99029 -11.58279 5.23728
      vertex -2.05728 -11.52218 5.16035
      vertex -1.99029 -11.58279 0.00000
    endloop
  endfacet
  facet normal -0.670910 -0.741538 -0.000000
    outer loop
      vertex -2.12428 -11.46157 5.08343
      vertex -2.12428 -11.46157 0.00000
      vertex -2.05728 -11.52218 0.00000
    endloop
  endfacet
  facet normal -0.670911 -0.741538 -0.000000
    outer loop
      vertex -2.05728 -11.52218 5.16035
      vertex -2.05728 -11.52218 0.00000
      vertex -1.99029 -11.58279 0.00000
    endloop
  endfacet
  facet normal -0.639562 -0.768739 -0.000000
    outer loop
      vertex -1.85267 -11.69729 5.38515
      vertex -1.99029 -11.58279 5.23728
      vertex -1.85267 -11.69729 0.00000
    endloop
  endfacet
  facet normal -0.639562 -0.768739 -0.000000
    outer loop
      vertex -1.99029 -11.58279 5.23728
      vertex -1.99029 -11.58279 0.00000
      vertex -1.85267 -11.69729 0.00000
    endloop
  endfacet
  facet normal -0.605210 -0.796066 -0.000000
    outer loop
      vertex -1.71158 -11.80455 5.52600
      vertex -1.85267 -11.69729 5.38515
      vertex -1.71158 -11.80455 0.00000
    endloop
  endfacet
  facet normal -0.605210 -0.796066 -0.000000
    outer loop
      vertex -1.85267 -11.69729 5.38515
      vertex -1.85267 -11.69729 0.00000
      vertex -1.71158 -11.80455 0.00000
    endloop
  endfacet
  facet normal -0.567728 -0.823216 -0.000000
    outer loop
      vertex -1.56721 -11.90412 5.65877
      vertex -1.71158 -11.80455 5.52600
      vertex -1.56721 -11.90412 0.00000
    endloop
  endfacet
  facet normal -0.567728 -0.823216 -0.000000
    outer loop
      vertex -1.71158 -11.80455 5.52600
      vertex -1.71158 -11.80455 0.00000
      vertex -1.56721 -11.90412 0.00000
    endloop
  endfacet
  facet normal -0.527035 -0.849843 -0.000000
    outer loop
      vertex -1.49349 -11.94983 5.72061
      vertex -1.56721 -11.90412 5.65877
      vertex -1.49349 -11.94983 0.00000
    endloop
  endfacet
  facet normal -0.527027 -0.849849 -0.000000
    outer loop
      vertex -1.41977 -11.99555 5.78245
      vertex -1.49349 -11.94983 5.72061
      vertex -1.41977 -11.99555 0.00000
    endloop
  endfacet
  facet normal -0.527035 -0.849843 -0.000000
    outer loop
      vertex -1.56721 -11.90412 5.65877
      vertex -1.56721 -11.90412 0.00000
      vertex -1.49349 -11.94983 0.00000
    endloop
  endfacet
  facet normal -0.527027 -0.849849 -0.000000
    outer loop
      vertex -1.49349 -11.94983 5.72061
      vertex -1.49349 -11.94983 0.00000
      vertex -1.41977 -11.99555 0.00000
    endloop
  endfacet
  facet normal -0.483072 -0.875581 -0.000000
    outer loop
      vertex -1.34463 -12.03700 5.83925
      vertex -1.41977 -11.99555 5.78245
      vertex -1.34463 -12.03700 0.00000
    endloop
  endfacet
  facet normal -0.483071 -0.875581 -0.000000
    outer loop
      vertex -1.26950 -12.07846 5.89605
      vertex -1.34463 -12.03700 5.83925
      vertex -1.26950 -12.07846 0.00000
    endloop
  endfacet
  facet normal -0.483072 -0.875581 -0.000000
    outer loop
      vertex -1.41977 -11.99555 5.78245
      vertex -1.41977 -11.99555 0.00000
      vertex -1.34463 -12.03700 0.00000
    endloop
  endfacet
  facet normal -0.483071 -0.875581 -0.000000
    outer loop
      vertex -1.34463 -12.03700 5.83925
      vertex -1.34463 -12.03700 0.00000
      vertex -1.26950 -12.07846 0.00000
    endloop
  endfacet
  facet normal -0.435867 -0.900011 -0.000000
    outer loop
      vertex -1.19308 -12.11547 5.94735
      vertex -1.26950 -12.07846 5.89605
      vertex -1.19308 -12.11547 0.00000
    endloop
  endfacet
  facet normal -0.435867 -0.900011 -0.000000
    outer loop
      vertex -1.11666 -12.15248 5.99866
      vertex -1.19308 -12.11547 5.94735
      vertex -1.11666 -12.15248 0.00000
    endloop
  endfacet
  facet normal -0.435867 -0.900011 -0.000000
    outer loop
      vertex -1.26950 -12.07846 5.89605
      vertex -1.26950 -12.07846 0.00000
      vertex -1.19308 -12.11547 0.00000
    endloop
  endfacet
  facet normal -0.435867 -0.900011 -0.000000
    outer loop
      vertex -1.19308 -12.11547 5.94735
      vertex -1.19308 -12.11547 0.00000
      vertex -1.11666 -12.15248 0.00000
    endloop
  endfacet
  facet normal -0.385493 -0.922711 -0.000000
    outer loop
      vertex -1.03909 -12.18488 6.04404
      vertex -1.11666 -12.15248 5.99866
      vertex -1.03909 -12.18488 0.00000
    endloop
  endfacet
  facet normal -0.385483 -0.922715 -0.000000
    outer loop
      vertex -0.96152 -12.21729 6.08943
      vertex -1.03909 -12.18488 6.04404
      vertex -0.96152 -12.21729 0.00000
    endloop
  endfacet
  facet normal -0.385493 -0.922711 -0.000000
    outer loop
      vertex -1.11666 -12.15248 5.99866
      vertex -1.11666 -12.15248 0.00000
      vertex -1.03909 -12.18488 0.00000
    endloop
  endfacet
  facet normal -0.385483 -0.922715 -0.000000
    outer loop
      vertex -1.03909 -12.18488 6.04404
      vertex -1.03909 -12.18488 0.00000
      vertex -0.96152 -12.21729 0.00000
    endloop
  endfacet
  facet normal -0.332094 -0.943246 -0.000000
    outer loop
      vertex -0.88296 -12.24495 6.12852
      vertex -0.96152 -12.21729 6.08943
      vertex -0.88296 -12.24495 0.00000
    endloop
  endfacet
  facet normal -0.332104 -0.943243 -0.000000
    outer loop
      vertex -0.80439 -12.27261 6.16760
      vertex -0.88296 -12.24495 6.12852
      vertex -0.80439 -12.27261 0.00000
    endloop
  endfacet
  facet normal -0.332094 -0.943246 -0.000000
    outer loop
      vertex -0.96152 -12.21729 6.08943
      vertex -0.96152 -12.21729 0.00000
      vertex -0.88296 -12.24495 0.00000
    endloop
  endfacet
  facet normal -0.332104 -0.943243 -0.000000
    outer loop
      vertex -0.88296 -12.24495 6.12852
      vertex -0.88296 -12.24495 0.00000
      vertex -0.80439 -12.27261 0.00000
    endloop
  endfacet
  facet normal -0.275933 -0.961177 -0.000000
    outer loop
      vertex -0.64557 -12.31821 6.23250
      vertex -0.80439 -12.27261 6.16760
      vertex -0.64557 -12.31821 0.00000
    endloop
  endfacet
  facet normal -0.275933 -0.961177 -0.000000
    outer loop
      vertex -0.80439 -12.27261 6.16760
      vertex -0.80439 -12.27261 0.00000
      vertex -0.64557 -12.31821 0.00000
    endloop
  endfacet
  facet normal -0.217351 -0.976094 -0.000000
    outer loop
      vertex -0.48539 -12.35387 6.28358
      vertex -0.64557 -12.31821 6.23250
      vertex -0.48539 -12.35387 0.00000
    endloop
  endfacet
  facet normal -0.217351 -0.976094 -0.000000
    outer loop
      vertex -0.64557 -12.31821 6.23250
      vertex -0.64557 -12.31821 0.00000
      vertex -0.48539 -12.35387 0.00000
    endloop
  endfacet
  facet normal -0.156755 -0.987638 -0.000000
    outer loop
      vertex -0.40478 -12.36667 6.30199
      vertex -0.48539 -12.35387 6.28358
      vertex -0.40478 -12.36667 0.00000
    endloop
  endfacet
  facet normal -0.156766 -0.987636 -0.000000
    outer loop
      vertex -0.32417 -12.37946 6.32039
      vertex -0.40478 -12.36667 6.30199
      vertex -0.32417 -12.37946 0.00000
    endloop
  endfacet
  facet normal -0.156755 -0.987638 -0.000000
    outer loop
      vertex -0.48539 -12.35387 6.28358
      vertex -0.48539 -12.35387 0.00000
      vertex -0.40478 -12.36667 0.00000
    endloop
  endfacet
  facet normal -0.156766 -0.987636 -0.000000
    outer loop
      vertex -0.40478 -12.36667 6.30199
      vertex -0.40478 -12.36667 0.00000
      vertex -0.32417 -12.37946 0.00000
    endloop
  endfacet
  facet normal -0.094666 -0.995509 -0.000000
    outer loop
      vertex -0.24321 -12.38716 6.33150
      vertex -0.32417 -12.37946 6.32039
      vertex -0.24321 -12.38716 0.00000
    endloop
  endfacet
  facet normal -0.094678 -0.995508 -0.000000
    outer loop
      vertex -0.16226 -12.39486 6.34260
      vertex -0.24321 -12.38716 6.33150
      vertex -0.16226 -12.39486 0.00000
    endloop
  endfacet
  facet normal -0.094666 -0.995509 -0.000000
    outer loop
      vertex -0.32417 -12.37946 6.32039
      vertex -0.32417 -12.37946 0.00000
      vertex -0.24321 -12.38716 0.00000
    endloop
  endfacet
  facet normal -0.094678 -0.995508 -0.000000
    outer loop
      vertex -0.24321 -12.38716 6.33150
      vertex -0.24321 -12.38716 0.00000
      vertex -0.16226 -12.39486 0.00000
    endloop
  endfacet
  facet normal -0.031660 -0.999499 -0.000000
    outer loop
      vertex -0.00000 -12.40000 6.35003
      vertex -0.16226 -12.39486 6.34260
      vertex -0.00000 -12.40000 0.00000
    endloop
  endfacet
  facet normal -0.031660 -0.999499 -0.000000
    outer loop
      vertex -0.16226 -12.39486 6.34260
      vertex -0.16226 -12.39486 0.00000
      vertex -0.00000 -12.40000 0.00000
    endloop
  endfacet
  facet normal 0.031666 -0.999499 0.000000
    outer loop
      vertex 0.08113 -12.39743 6.34632
      vertex -0.00000 -12.40000 6.35003
      vertex -0.00000 -12.40000 0.00000
    endloop
  endfacet
  facet normal 0.031654 -0.999499 0.000000
    outer loop
      vertex 0.16226 -12.39486 6.34260
      vertex 0.08113 -12.39743 6.34632
      vertex 0.08113 -12.39743 0.00000
    endloop
  endfacet
  facet normal 0.031666 -0.999499 0.000000
    outer loop
      vertex 0.08113 -12.39743 6.34632
      vertex -0.00000 -12.40000 0.00000
      vertex 0.08113 -12.39743 0.00000
    endloop
  endfacet
  facet normal 0.031654 -0.999499 0.000000
    outer loop
      vertex 0.16226 -12.39486 6.34260
      vertex 0.08113 -12.39743 0.00000
      vertex 0.16226 -12.39486 0.00000
    endloop
  endfacet
  facet normal 0.094672 -0.995509 0.000000
    outer loop
      vertex 0.32417 -12.37946 6.32039
      vertex 0.16226 -12.39486 6.34260
      vertex 0.16226 -12.39486 0.00000
    endloop
  endfacet
  facet normal 0.094672 -0.995509 0.000000
    outer loop
      vertex 0.32417 -12.37946 6.32039
      vertex 0.16226 -12.39486 0.00000
      vertex 0.32417 -12.37946 0.00000
    endloop
  endfacet
  facet normal 0.156766 -0.987636 0.000000
    outer loop
      vertex 0.40478 -12.36667 6.30199
      vertex 0.32417 -12.37946 6.32039
      vertex 0.32417 -12.37946 0.00000
    endloop
  endfacet
  facet normal 0.156755 -0.987638 0.000000
    outer loop
      vertex 0.48539 -12.35387 6.28358
      vertex 0.40478 -12.36667 6.30199
      vertex 0.40478 -12.36667 0.00000
    endloop
  endfacet
  facet normal 0.156766 -0.987636 0.000000
    outer loop
      vertex 0.40478 -12.36667 6.30199
      vertex 0.32417 -12.37946 0.00000
      vertex 0.40478 -12.36667 0.00000
    endloop
  endfacet
  facet normal 0.156755 -0.987638 0.000000
    outer loop
      vertex 0.48539 -12.35387 6.28358
      vertex 0.40478 -12.36667 0.00000
      vertex 0.48539 -12.35387 0.00000
    endloop
  endfacet
  facet normal 0.217345 -0.976095 0.000000
    outer loop
      vertex 0.56548 -12.33604 6.25804
      vertex 0.48539 -12.35387 6.28358
      vertex 0.48539 -12.35387 0.00000
    endloop
  endfacet
  facet normal 0.217356 -0.976092 0.000000
    outer loop
      vertex 0.64557 -12.31821 6.23250
      vertex 0.56548 -12.33604 6.25804
      vertex 0.56548 -12.33604 0.00000
    endloop
  endfacet
  facet normal 0.217345 -0.976095 0.000000
    outer loop
      vertex 0.56548 -12.33604 6.25804
      vertex 0.48539 -12.35387 0.00000
      vertex 0.56548 -12.33604 0.00000
    endloop
  endfacet
  facet normal 0.217356 -0.976092 0.000000
    outer loop
      vertex 0.64557 -12.31821 6.23250
      vertex 0.56548 -12.33604 0.00000
      vertex 0.64557 -12.31821 0.00000
    endloop
  endfacet
  facet normal 0.275933 -0.961177 0.000000
    outer loop
      vertex 0.72498 -12.29541 6.20005
      vertex 0.64557 -12.31821 6.23250
      vertex 0.64557 -12.31821 0.00000
    endloop
  endfacet
  facet normal 0.275934 -0.961177 0.000000
    outer loop
      vertex 0.80439 -12.27261 6.16760
      vertex 0.72498 -12.29541 6.20005
      vertex 0.72498 -12.29541 0.00000
    endloop
  endfacet
  facet normal 0.275933 -0.961177 0.000000
    outer loop
      vertex 0.72498 -12.29541 6.20005
      vertex 0.64557 -12.31821 0.00000
      vertex 0.72498 -12.29541 0.00000
    endloop
  endfacet
  facet normal 0.275934 -0.961177 0.000000
    outer loop
      vertex 0.80439 -12.27261 6.16760
      vertex 0.72498 -12.29541 0.00000
      vertex 0.80439 -12.27261 0.00000
    endloop
  endfacet
  facet normal 0.332099 -0.943245 0.000000
    outer loop
      vertex 0.96152 -12.21729 6.08943
      vertex 0.80439 -12.27261 6.16760
      vertex 0.80439 -12.27261 0.00000
    endloop
  endfacet
  facet normal 0.332099 -0.943245 0.000000
    outer loop
      vertex 0.96152 -12.21729 6.08943
      vertex 0.80439 -12.27261 0.00000
      vertex 0.96152 -12.21729 0.00000
    endloop
  endfacet
  facet normal 0.385488 -0.922713 0.000000
    outer loop
      vertex 1.11666 -12.15248 5.99866
      vertex 0.96152 -12.21729 6.08943
      vertex 0.96152 -12.21729 0.00000
    endloop
  endfacet
  facet normal 0.385488 -0.922713 0.000000
    outer loop
      vertex 1.11666 -12.15248 5.99866
      vertex 0.96152 -12.21729 0.00000
      vertex 1.11666 -12.15248 0.00000
    endloop
  endfacet
  facet normal 0.435867 -0.900011 0.000000
    outer loop
      vertex 1.19308 -12.11547 5.94735
      vertex 1.11666 -12.15248 5.99866
      vertex 1.11666 -12.15248 0.00000
    endloop
  endfacet
  facet normal 0.435867 -0.900011 0.000000
    outer loop
      vertex 1.26950 -12.07846 5.89605
      vertex 1.19308 -12.11547 5.94735
      vertex 1.19308 -12.11547 0.00000
    endloop
  endfacet
  facet normal 0.435867 -0.900011 0.000000
    outer loop
      vertex 1.19308 -12.11547 5.94735
      vertex 1.11666 -12.15248 0.00000
      vertex 1.19308 -12.11547 0.00000
    endloop
  endfacet
  facet normal 0.435867 -0.900011 0.000000
    outer loop
      vertex 1.26950 -12.07846 5.89605
      vertex 1.19308 -12.11547 0.00000
      vertex 1.26950 -12.07846 0.00000
    endloop
  endfacet
  facet normal 0.483072 -0.875581 0.000000
    outer loop
      vertex 1.41977 -11.99555 5.78245
      vertex 1.26950 -12.07846 5.89605
      vertex 1.26950 -12.07846 0.00000
    endloop
  endfacet
  facet normal 0.483072 -0.875581 0.000000
    outer loop
      vertex 1.41977 -11.99555 5.78245
      vertex 1.26950 -12.07846 0.00000
      vertex 1.41977 -11.99555 0.00000
    endloop
  endfacet
  facet normal 0.527027 -0.849849 0.000000
    outer loop
      vertex 1.49349 -11.94983 5.72061
      vertex 1.41977 -11.99555 5.78245
      vertex 1.41977 -11.99555 0.00000
    endloop
  endfacet
  facet normal 0.527035 -0.849843 0.000000
    outer loop
      vertex 1.56721 -11.90412 5.65877
      vertex 1.49349 -11.94983 5.72061
      vertex 1.49349 -11.94983 0.00000
    endloop
  endfacet
  facet normal 0.527027 -0.849849 0.000000
    outer loop
      vertex 1.49349 -11.94983 5.72061
      vertex 1.41977 -11.99555 0.00000
      vertex 1.49349 -11.94983 0.00000
    endloop
  endfacet
  facet normal 0.527035 -0.849843 0.000000
    outer loop
      vertex 1.56721 -11.90412 5.65877
      vertex 1.49349 -11.94983 0.00000
      vertex 1.56721 -11.90412 0.00000
    endloop
  endfacet
  facet normal 0.567728 -0.823216 0.000000
    outer loop
      vertex 1.71158 -11.80455 5.52600
      vertex 1.56721 -11.90412 5.65877
      vertex 1.56721 -11.90412 0.00000
    endloop
  endfacet
  facet normal 0.567728 -0.823216 0.000000
    outer loop
      vertex 1.71158 -11.80455 5.52600
      vertex 1.56721 -11.90412 0.00000
      vertex 1.71158 -11.80455 0.00000
    endloop
  endfacet
  facet normal 0.605210 -0.796066 0.000000
    outer loop
      vertex 1.85267 -11.69729 5.38515
      vertex 1.71158 -11.80455 5.52600
      vertex 1.71158 -11.80455 0.00000
    endloop
  endfacet
  facet normal 0.605210 -0.796066 0.000000
    outer loop
      vertex 1.85267 -11.69729 5.38515
      vertex 1.71158 -11.80455 0.00000
      vertex 1.85267 -11.69729 0.00000
    endloop
  endfacet
  facet normal 0.639562 -0.768739 0.000000
    outer loop
      vertex 1.99029 -11.58279 5.23728
      vertex 1.85267 -11.69729 5.38515
      vertex 1.85267 -11.69729 0.00000
    endloop
  endfacet
  facet normal 0.639562 -0.768739 0.000000
    outer loop
      vertex 1.99029 -11.58279 5.23728
      vertex 1.85267 -11.69729 0.00000
      vertex 1.99029 -11.58279 0.00000
    endloop
  endfacet
  facet normal 0.670911 -0.741538 0.000000
    outer loop
      vertex 2.05728 -11.52218 5.16035
      vertex 1.99029 -11.58279 5.23728
      vertex 1.99029 -11.58279 0.00000
    endloop
  endfacet
  facet normal 0.670910 -0.741538 0.000000
    outer loop
      vertex 2.12428 -11.46157 5.08343
      vertex 2.05728 -11.52218 5.16035
      vertex 2.05728 -11.52218 0.00000
    endloop
  endfacet
  facet normal 0.670911 -0.741538 0.000000
    outer loop
      vertex 2.05728 -11.52218 5.16035
      vertex 1.99029 -11.58279 0.00000
      vertex 2.05728 -11.52218 0.00000
    endloop
  endfacet
  facet normal 0.670910 -0.741538 0.000000
    outer loop
      vertex 2.12428 -11.46157 5.08343
      vertex 2.05728 -11.52218 0.00000
      vertex 2.12428 -11.46157 0.00000
    endloop
  endfacet
  facet normal 0.699384 -0.714746 0.000000
    outer loop
      vertex 2.18939 -11.39785 5.00405
      vertex 2.12428 -11.46157 5.08343
      vertex 2.12428 -11.46157 0.00000
    endloop
  endfacet
  facet normal 0.699383 -0.714747 0.000000
    outer loop
      vertex 2.25450 -11.33414 4.92467
      vertex 2.18939 -11.39785 5.00405
      vertex 2.18939 -11.39785 0.00000
    endloop
  endfacet
  facet normal 0.699384 -0.714746 0.000000
    outer loop
      vertex 2.18939 -11.39785 5.00405
      vertex 2.12428 -11.46157 0.00000
      vertex 2.18939 -11.39785 0.00000
    endloop
  endfacet
  facet normal 0.699383 -0.714747 0.000000
    outer loop
      vertex 2.25450 -11.33414 4.92467
      vertex 2.18939 -11.39785 0.00000
      vertex 2.25450 -11.33414 0.00000
    endloop
  endfacet
  facet normal 0.725132 -0.688610 0.000000
    outer loop
      vertex 2.38086 -11.20108 4.76204
      vertex 2.25450 -11.33414 4.92467
      vertex 2.25450 -11.33414 0.00000
    endloop
  endfacet
  facet normal 0.725132 -0.688610 0.000000
    outer loop
      vertex 2.38086 -11.20108 4.76204
      vertex 2.25450 -11.33414 0.00000
      vertex 2.38086 -11.20108 0.00000
    endloop
  endfacet
  facet normal 0.748307 -0.663352 0.000000
    outer loop
      vertex 2.44208 -11.13202 4.67929
      vertex 2.38086 -11.20108 4.76204
      vertex 2.38086 -11.20108 0.00000
    endloop
  endfacet
  facet normal 0.748308 -0.663351 0.000000
    outer loop
      vertex 2.50329 -11.06297 4.59654
      vertex 2.44208 -11.13202 4.67929
      vertex 2.44208 -11.13202 0.00000
    endloop
  endfacet
  facet normal 0.748307 -0.663352 0.000000
    outer loop
      vertex 2.44208 -11.13202 4.67929
      vertex 2.38086 -11.20108 0.00000
      vertex 2.44208 -11.13202 0.00000
    endloop
  endfacet
  facet normal 0.748308 -0.663351 0.000000
    outer loop
      vertex 2.50329 -11.06297 4.59654
      vertex 2.44208 -11.13202 0.00000
      vertex 2.50329 -11.06297 0.00000
    endloop
  endfacet
  facet normal 0.769053 -0.639185 0.000000
    outer loop
      vertex 2.62176 -10.92043 4.42911
      vertex 2.50329 -11.06297 4.59654
      vertex 2.50329 -11.06297 0.00000
    endloop
  endfacet
  facet normal 0.769053 -0.639185 0.000000
    outer loop
      vertex 2.62176 -10.92043 4.42911
      vertex 2.50329 -11.06297 0.00000
      vertex 2.62176 -10.92043 0.00000
    endloop
  endfacet
  facet normal 0.787501 -0.616313 0.000000
    outer loop
      vertex 2.73627 -10.77411 4.26066
      vertex 2.62176 -10.92043 4.42911
      vertex 2.62176 -10.92043 0.00000
    endloop
  endfacet
  facet normal 0.787501 -0.616313 0.000000
    outer loop
      vertex 2.73627 -10.77411 4.26066
      vertex 2.62176 -10.92043 0.00000
      vertex 2.73627 -10.77411 0.00000
    endloop
  endfacet
  facet normal 0.803771 -0.594938 0.000000
    outer loop
      vertex 2.79158 -10.69940 4.17632
      vertex 2.73627 -10.77411 4.26066
      vertex 2.73627 -10.77411 0.00000
    endloop
  endfacet
  facet normal 0.803769 -0.594942 0.000000
    outer loop
      vertex 2.84688 -10.62468 4.09198
      vertex 2.79158 -10.69940 4.17632
      vertex 2.79158 -10.69940 0.00000
    endloop
  endfacet
  facet normal 0.803771 -0.594938 0.000000
    outer loop
      vertex 2.79158 -10.69940 4.17632
      vertex 2.73627 -10.77411 0.00000
      vertex 2.79158 -10.69940 0.00000
    endloop
  endfacet
  facet normal 0.803769 -0.594942 0.000000
    outer loop
      vertex 2.84688 -10.62468 4.09198
      vertex 2.79158 -10.69940 0.00000
      vertex 2.84688 -10.62468 0.00000
    endloop
  endfacet
  facet normal 0.817946 -0.575295 0.000000
    outer loop
      vertex 2.95365 -10.47287 3.92378
      vertex 2.84688 -10.62468 4.09198
      vertex 2.84688 -10.62468 0.00000
    endloop
  endfacet
  facet normal 0.817946 -0.575295 0.000000
    outer loop
      vertex 2.95365 -10.47287 3.92378
      vertex 2.84688 -10.62468 0.00000
      vertex 2.95365 -10.47287 0.00000
    endloop
  endfacet
  facet normal 0.830087 -0.557633 0.000000
    outer loop
      vertex 3.05675 -10.31941 3.75668
      vertex 2.95365 -10.47287 3.92378
      vertex 2.95365 -10.47287 0.00000
    endloop
  endfacet
  facet normal 0.830087 -0.557633 0.000000
    outer loop
      vertex 3.05675 -10.31941 3.75668
      vertex 2.95365 -10.47287 0.00000
      vertex 3.05675 -10.31941 0.00000
    endloop
  endfacet
  facet normal 0.840210 -0.542262 0.000000
    outer loop
      vertex 3.15634 -10.16509 3.59114
      vertex 3.05675 -10.31941 3.75668
      vertex 3.05675 -10.31941 0.00000
    endloop
  endfacet
  facet normal 0.840210 -0.542262 0.000000
    outer loop
      vertex 3.15634 -10.16509 3.59114
      vertex 3.05675 -10.31941 0.00000
      vertex 3.15634 -10.16509 0.00000
    endloop
  endfacet
  facet normal 0.848243 -0.529608 0.000000
    outer loop
      vertex 3.25269 -10.01076 3.42750
      vertex 3.15634 -10.16509 3.59114
      vertex 3.15634 -10.16509 0.00000
    endloop
  endfacet
  facet normal 0.848243 -0.529608 0.000000
    outer loop
      vertex 3.25269 -10.01076 3.42750
      vertex 3.15634 -10.16509 0.00000
      vertex 3.25269 -10.01076 0.00000
    endloop
  endfacet
  facet normal 0.854016 -0.520247 0.000000
    outer loop
      vertex 3.34613 -9.85738 3.26593
      vertex 3.25269 -10.01076 3.42750
      vertex 3.25269 -10.01076 0.00000
    endloop
  endfacet
  facet normal 0.854016 -0.520247 0.000000
    outer loop
      vertex 3.34613 -9.85738 3.26593
      vertex 3.25269 -10.01076 0.00000
      vertex 3.34613 -9.85738 0.00000
    endloop
  endfacet
  facet normal 0.857153 -0.515063 0.000000
    outer loop
      vertex 3.43708 -9.70602 3.10636
      vertex 3.34613 -9.85738 3.26593
      vertex 3.34613 -9.85738 0.00000
    endloop
  endfacet
  facet normal 0.857153 -0.515063 0.000000
    outer loop
      vertex 3.43708 -9.70602 3.10636
      vertex 3.34613 -9.85738 0.00000
      vertex 3.43708 -9.70602 0.00000
    endloop
  endfacet
  facet normal 0.856858 -0.515552 0.000000
    outer loop
      vertex 3.48161 -9.63202 3.02742
      vertex 3.43708 -9.70602 3.10636
      vertex 3.43708 -9.70602 0.00000
    endloop
  endfacet
  facet normal 0.856862 -0.515545 0.000000
    outer loop
      vertex 3.52614 -9.55801 2.94847
      vertex 3.48161 -9.63202 3.02742
      vertex 3.48161 -9.63202 0.00000
    endloop
  endfacet
  facet normal 0.856858 -0.515552 0.000000
    outer loop
      vertex 3.48161 -9.63202 3.02742
      vertex 3.43708 -9.70602 0.00000
      vertex 3.48161 -9.63202 0.00000
    endloop
  endfacet
  facet normal 0.856862 -0.515545 0.000000
    outer loop
      vertex 3.52614 -9.55801 2.94847
      vertex 3.48161 -9.63202 0.00000
      vertex 3.52614 -9.55801 0.00000
    endloop
  endfacet
  facet normal 0.851362 -0.524578 0.000000
    outer loop
      vertex 3.57014 -9.48659 2.86999
      vertex 3.52614 -9.55801 2.94847
      vertex 3.52614 -9.55801 0.00000
    endloop
  endfacet
  facet normal 0.851366 -0.524573 0.000000
    outer loop
      vertex 3.61415 -9.41518 2.79151
      vertex 3.57014 -9.48659 2.86999
      vertex 3.57014 -9.48659 0.00000
    endloop
  endfacet
  facet normal 0.851362 -0.524578 0.000000
    outer loop
      vertex 3.57014 -9.48659 2.86999
      vertex 3.52614 -9.55801 0.00000
      vertex 3.57014 -9.48659 0.00000
    endloop
  endfacet
  facet normal 0.851366 -0.524573 0.000000
    outer loop
      vertex 3.61415 -9.41518 2.79151
      vertex 3.57014 -9.48659 0.00000
      vertex 3.61415 -9.41518 0.00000
    endloop
  endfacet
  facet normal 0.835656 -0.549253 0.000000
    outer loop
      vertex 3.65837 -9.34790 2.71268
      vertex 3.61415 -9.41518 2.79151
      vertex 3.61415 -9.41518 0.00000
    endloop
  endfacet
  facet normal 0.835656 -0.549253 0.000000
    outer loop
      vertex 3.70259 -9.28062 2.63385
      vertex 3.65837 -9.34790 2.71268
      vertex 3.65837 -9.34790 0.00000
    endloop
  endfacet
  facet normal 0.835656 -0.549253 0.000000
    outer loop
      vertex 3.65837 -9.34790 2.71268
      vertex 3.61415 -9.41518 0.00000
      vertex 3.65837 -9.34790 0.00000
    endloop
  endfacet
  facet normal 0.835656 -0.549253 0.000000
    outer loop
      vertex 3.70259 -9.28062 2.63385
      vertex 3.65837 -9.34790 0.00000
      vertex 3.70259 -9.28062 0.00000
    endloop
  endfacet
  facet normal 0.777433 -0.628966 0.000000
    outer loop
      vertex 3.79622 -9.16488 2.47000
      vertex 3.70259 -9.28062 2.63385
      vertex 3.70259 -9.28062 0.00000
    endloop
  endfacet
  facet normal 0.777433 -0.628966 0.000000
    outer loop
      vertex 3.79622 -9.16488 2.47000
      vertex 3.70259 -9.28062 0.00000
      vertex 3.79622 -9.16488 0.00000
    endloop
  endfacet
  facet normal -0.104989 -0.994473 -0.000000
    outer loop
      vertex 3.87024 -9.17270 2.55193
      vertex 3.79622 -9.16488 2.47000
      vertex 3.87024 -9.17270 0.00000
    endloop
  endfacet
  facet normal -0.104976 -0.994475 -0.000000
    outer loop
      vertex 3.94426 -9.18051 2.63385
      vertex 3.87024 -9.17270 2.55193
      vertex 3.94426 -9.18051 0.00000
    endloop
  endfacet
  facet normal -0.104989 -0.994473 -0.000000
    outer loop
      vertex 3.79622 -9.16488 2.47000
      vertex 3.79622 -9.16488 0.00000
      vertex 3.87024 -9.17270 0.00000
    endloop
  endfacet
  facet normal -0.104976 -0.994475 -0.000000
    outer loop
      vertex 3.87024 -9.17270 2.55193
      vertex 3.87024 -9.17270 0.00000
      vertex 3.94426 -9.18051 0.00000
    endloop
  endfacet
  facet normal -0.202519 -0.979278 -0.000000
    outer loop
      vertex 4.10195 -9.21312 2.79151
      vertex 3.94426 -9.18051 2.63385
      vertex 4.10195 -9.21312 0.00000
    endloop
  endfacet
  facet normal -0.202519 -0.979278 -0.000000
    outer loop
      vertex 3.94426 -9.18051 2.63385
      vertex 3.94426 -9.18051 0.00000
      vertex 4.10195 -9.21312 0.00000
    endloop
  endfacet
  facet normal -0.231070 -0.972937 -0.000000
    outer loop
      vertex 4.18356 -9.23251 2.86999
      vertex 4.10195 -9.21312 2.79151
      vertex 4.18356 -9.23251 0.00000
    endloop
  endfacet
  facet normal -0.231081 -0.972934 -0.000000
    outer loop
      vertex 4.26518 -9.25189 2.94847
      vertex 4.18356 -9.23251 2.86999
      vertex 4.26518 -9.25189 0.00000
    endloop
  endfacet
  facet normal -0.231070 -0.972937 -0.000000
    outer loop
      vertex 4.10195 -9.21312 2.79151
      vertex 4.10195 -9.21312 0.00000
      vertex 4.18356 -9.23251 0.00000
    endloop
  endfacet
  facet normal -0.231081 -0.972934 -0.000000
    outer loop
      vertex 4.18356 -9.23251 2.86999
      vertex 4.18356 -9.23251 0.00000
      vertex 4.26518 -9.25189 0.00000
    endloop
  endfacet
  facet normal -0.241337 -0.970441 -0.000000
    outer loop
      vertex 4.34900 -9.27274 3.02742
      vertex 4.26518 -9.25189 2.94847
      vertex 4.34900 -9.27274 0.00000
    endloop
  endfacet
  facet normal -0.241348 -0.970439 -0.000000
    outer loop
      vertex 4.43281 -9.29358 3.10636
      vertex 4.34900 -9.27274 3.02742
      vertex 4.43281 -9.29358 0.00000
    endloop
  endfacet
  facet normal -0.241337 -0.970441 -0.000000
    outer loop
      vertex 4.26518 -9.25189 2.94847
      vertex 4.26518 -9.25189 0.00000
      vertex 4.34900 -9.27274 0.00000
    endloop
  endfacet
  facet normal -0.241348 -0.970439 -0.000000
    outer loop
      vertex 4.34900 -9.27274 3.02742
      vertex 4.34900 -9.27274 0.00000
      vertex 4.43281 -9.29358 0.00000
    endloop
  endfacet
  facet normal -0.241894 -0.970303 -0.000000
    outer loop
      vertex 4.51848 -9.31494 3.18614
      vertex 4.43281 -9.29358 3.10636
      vertex 4.51848 -9.31494 0.00000
    endloop
  endfacet
  facet normal -0.241894 -0.970303 -0.000000
    outer loop
      vertex 4.60415 -9.33629 3.26593
      vertex 4.51848 -9.31494 3.18614
      vertex 4.60415 -9.33629 0.00000
    endloop
  endfacet
  facet normal -0.241894 -0.970303 -0.000000
    outer loop
      vertex 4.43281 -9.29358 3.10636
      vertex 4.43281 -9.29358 0.00000
      vertex 4.51848 -9.31494 0.00000
    endloop
  endfacet
  facet normal -0.241894 -0.970303 -0.000000
    outer loop
      vertex 4.51848 -9.31494 3.18614
      vertex 4.51848 -9.31494 0.00000
      vertex 4.60415 -9.33629 0.00000
    endloop
  endfacet
  facet normal -0.236012 -0.971750 -0.000000
    outer loop
      vertex 4.77868 -9.37868 3.42750
      vertex 4.60415 -9.33629 3.26593
      vertex 4.77868 -9.37868 0.00000
    endloop
  endfacet
  facet normal -0.236012 -0.971750 -0.000000
    outer loop
      vertex 4.60415 -9.33629 3.26593
      vertex 4.60415 -9.33629 0.00000
      vertex 4.77868 -9.37868 0.00000
    endloop
  endfacet
  facet normal -0.225307 -0.974288 -0.000000
    outer loop
      vertex 4.86730 -9.39918 3.50932
      vertex 4.77868 -9.37868 3.42750
      vertex 4.86730 -9.39918 0.00000
    endloop
  endfacet
  facet normal -0.225308 -0.974288 -0.000000
    outer loop
      vertex 4.95593 -9.41967 3.59114
      vertex 4.86730 -9.39918 3.50932
      vertex 4.95593 -9.41967 0.00000
    endloop
  endfacet
  facet normal -0.225307 -0.974288 -0.000000
    outer loop
      vertex 4.77868 -9.37868 3.42750
      vertex 4.77868 -9.37868 0.00000
      vertex 4.86730 -9.39918 0.00000
    endloop
  endfacet
  facet normal -0.225308 -0.974288 -0.000000
    outer loop
      vertex 4.86730 -9.39918 3.50932
      vertex 4.86730 -9.39918 0.00000
      vertex 4.95593 -9.41967 0.00000
    endloop
  endfacet
  facet normal -0.210676 -0.977556 -0.000000
    outer loop
      vertex 5.13547 -9.45837 3.75668
      vertex 4.95593 -9.41967 3.59114
      vertex 5.13547 -9.45837 0.00000
    endloop
  endfacet
  facet normal -0.210676 -0.977556 -0.000000
    outer loop
      vertex 4.95593 -9.41967 3.59114
      vertex 4.95593 -9.41967 0.00000
      vertex 5.13547 -9.45837 0.00000
    endloop
  endfacet
  facet normal -0.192660 -0.981266 -0.000000
    outer loop
      vertex 5.31689 -9.49399 3.92378
      vertex 5.13547 -9.45837 3.75668
      vertex 5.31689 -9.49399 0.00000
    endloop
  endfacet
  facet normal -0.192660 -0.981266 -0.000000
    outer loop
      vertex 5.13547 -9.45837 3.75668
      vertex 5.13547 -9.45837 0.00000
      vertex 5.31689 -9.49399 0.00000
    endloop
  endfacet
  facet normal -0.171577 -0.985171 -0.000000
    outer loop
      vertex 5.49974 -9.52583 4.09198
      vertex 5.31689 -9.49399 3.92378
      vertex 5.49974 -9.52583 0.00000
    endloop
  endfacet
  facet normal -0.171577 -0.985171 -0.000000
    outer loop
      vertex 5.31689 -9.49399 3.92378
      vertex 5.31689 -9.49399 0.00000
      vertex 5.49974 -9.52583 0.00000
    endloop
  endfacet
  facet normal -0.147665 -0.989037 -0.000000
    outer loop
      vertex 5.59167 -9.53956 4.17632
      vertex 5.49974 -9.52583 4.09198
      vertex 5.59167 -9.53956 0.00000
    endloop
  endfacet
  facet normal -0.147664 -0.989038 -0.000000
    outer loop
      vertex 5.68361 -9.55328 4.26066
      vertex 5.59167 -9.53956 4.17632
      vertex 5.68361 -9.55328 0.00000
    endloop
  endfacet
  facet normal -0.147665 -0.989037 -0.000000
    outer loop
      vertex 5.49974 -9.52583 4.09198
      vertex 5.49974 -9.52583 0.00000
      vertex 5.59167 -9.53956 0.00000
    endloop
  endfacet
  facet normal -0.147664 -0.989038 -0.000000
    outer loop
      vertex 5.59167 -9.53956 4.17632
      vertex 5.59167 -9.53956 0.00000
      vertex 5.68361 -9.55328 0.00000
    endloop
  endfacet
  facet normal -0.121055 -0.992646 -0.000000
    outer loop
      vertex 5.77582 -9.56453 4.34489
      vertex 5.68361 -9.55328 4.26066
      vertex 5.77582 -9.56453 0.00000
    endloop
  endfacet
  facet normal -0.121044 -0.992647 -0.000000
    outer loop
      vertex 5.86804 -9.57577 4.42911
      vertex 5.77582 -9.56453 4.34489
      vertex 5.86804 -9.57577 0.00000
    endloop
  endfacet
  facet normal -0.121055 -0.992646 -0.000000
    outer loop
      vertex 5.68361 -9.55328 4.26066
      vertex 5.68361 -9.55328 0.00000
      vertex 5.77582 -9.56453 0.00000
    endloop
  endfacet
  facet normal -0.121044 -0.992647 -0.000000
    outer loop
      vertex 5.77582 -9.56453 4.34489
      vertex 5.77582 -9.56453 0.00000
      vertex 5.86804 -9.57577 0.00000
    endloop
  endfacet
  facet normal -0.091837 -0.995774 -0.000000
    outer loop
      vertex 5.96032 -9.58428 4.51283
      vertex 5.86804 -9.57577 4.42911
      vertex 5.96032 -9.58428 0.00000
    endloop
  endfacet
  facet normal -0.091826 -0.995775 -0.000000
    outer loop
      vertex 6.05260 -9.59279 4.59654
      vertex 5.96032 -9.58428 4.51283
      vertex 6.05260 -9.59279 0.00000
    endloop
  endfacet
  facet normal -0.091837 -0.995774 -0.000000
    outer loop
      vertex 5.86804 -9.57577 4.42911
      vertex 5.86804 -9.57577 0.00000
      vertex 5.96032 -9.58428 0.00000
    endloop
  endfacet
  facet normal -0.091826 -0.995775 -0.000000
    outer loop
      vertex 5.96032 -9.58428 4.51283
      vertex 5.96032 -9.58428 0.00000
      vertex 6.05260 -9.59279 0.00000
    endloop
  endfacet
  facet normal -0.060076 -0.998194 -0.000000
    outer loop
      vertex 6.23683 -9.60388 4.76204
      vertex 6.05260 -9.59279 4.59654
      vertex 6.23683 -9.60388 0.00000
    endloop
  endfacet
  facet normal -0.060076 -0.998194 -0.000000
    outer loop
      vertex 6.05260 -9.59279 4.59654
      vertex 6.05260 -9.59279 0.00000
      vertex 6.23683 -9.60388 0.00000
    endloop
  endfacet
  facet normal -0.025827 -0.999666 -0.000000
    outer loop
      vertex 6.42027 -9.60862 4.92467
      vertex 6.23683 -9.60388 4.76204
      vertex 6.42027 -9.60862 0.00000
    endloop
  endfacet
  facet normal -0.025827 -0.999666 -0.000000
    outer loop
      vertex 6.23683 -9.60388 4.76204
      vertex 6.23683 -9.60388 0.00000
      vertex 6.42027 -9.60862 0.00000
    endloop
  endfacet
  facet normal 0.010865 -0.999941 0.000000
    outer loop
      vertex 6.60246 -9.60664 5.08343
      vertex 6.42027 -9.60862 4.92467
      vertex 6.60246 -9.60664 0.00000
    endloop
  endfacet
  facet normal 0.010865 -0.999941 0.000000
    outer loop
      vertex 6.42027 -9.60862 4.92467
      vertex 6.42027 -9.60862 0.00000
      vertex 6.60246 -9.60664 0.00000
    endloop
  endfacet
  facet normal 0.049944 -0.998752 0.000000
    outer loop
      vertex 6.78293 -9.59762 5.23728
      vertex 6.60246 -9.60664 5.08343
      vertex 6.78293 -9.59762 0.00000
    endloop
  endfacet
  facet normal 0.049944 -0.998752 0.000000
    outer loop
      vertex 6.60246 -9.60664 5.08343
      vertex 6.60246 -9.60664 0.00000
      vertex 6.78293 -9.59762 0.00000
    endloop
  endfacet
  facet normal 0.091339 -0.995820 0.000000
    outer loop
      vertex 6.96120 -9.58127 5.38515
      vertex 6.78293 -9.59762 5.23728
      vertex 6.96120 -9.58127 0.00000
    endloop
  endfacet
  facet normal 0.091339 -0.995820 0.000000
    outer loop
      vertex 6.78293 -9.59762 5.23728
      vertex 6.78293 -9.59762 0.00000
      vertex 6.96120 -9.58127 0.00000
    endloop
  endfacet
  facet normal 0.134952 -0.990852 0.000000
    outer loop
      vertex 7.04900 -9.56931 5.45558
      vertex 6.96120 -9.58127 5.38515
      vertex 7.04900 -9.56931 0.00000
    endloop
  endfacet
  facet normal 0.134962 -0.990851 0.000000
    outer loop
      vertex 7.13681 -9.55735 5.52600
      vertex 7.04900 -9.56931 5.45558
      vertex 7.13681 -9.55735 0.00000
    endloop
  endfacet
  facet normal 0.134952 -0.990852 0.000000
    outer loop
      vertex 6.96120 -9.58127 5.38515
      vertex 6.96120 -9.58127 0.00000
      vertex 7.04900 -9.56931 0.00000
    endloop
  endfacet
  facet normal 0.134962 -0.990851 0.000000
    outer loop
      vertex 7.04900 -9.56931 5.45558
      vertex 7.04900 -9.56931 0.00000
      vertex 7.13681 -9.55735 0.00000
    endloop
  endfacet
  facet normal 0.180657 -0.983546 0.000000
    outer loop
      vertex 7.30930 -9.52566 5.65877
      vertex 7.13681 -9.55735 5.52600
      vertex 7.30930 -9.52566 0.00000
    endloop
  endfacet
  facet normal 0.180657 -0.983546 0.000000
    outer loop
      vertex 7.13681 -9.55735 5.52600
      vertex 7.13681 -9.55735 0.00000
      vertex 7.30930 -9.52566 0.00000
    endloop
  endfacet
  facet normal 0.228264 -0.973599 0.000000
    outer loop
      vertex 7.39375 -9.50586 5.72061
      vertex 7.30930 -9.52566 5.65877
      vertex 7.39375 -9.50586 0.00000
    endloop
  endfacet
  facet normal 0.228265 -0.973599 0.000000
    outer loop
      vertex 7.47821 -9.48606 5.78245
      vertex 7.39375 -9.50586 5.72061
      vertex 7.47821 -9.48606 0.00000
    endloop
  endfacet
  facet normal 0.228264 -0.973599 0.000000
    outer loop
      vertex 7.30930 -9.52566 5.65877
      vertex 7.30930 -9.52566 0.00000
      vertex 7.39375 -9.50586 0.00000
    endloop
  endfacet
  facet normal 0.228265 -0.973599 0.000000
    outer loop
      vertex 7.39375 -9.50586 5.72061
      vertex 7.39375 -9.50586 0.00000
      vertex 7.47821 -9.48606 0.00000
    endloop
  endfacet
  facet normal 0.277548 -0.960712 0.000000
    outer loop
      vertex 7.64309 -9.43843 5.89605
      vertex 7.47821 -9.48606 5.78245
      vertex 7.64309 -9.43843 0.00000
    endloop
  endfacet
  facet normal 0.277548 -0.960712 0.000000
    outer loop
      vertex 7.47821 -9.48606 5.78245
      vertex 7.47821 -9.48606 0.00000
      vertex 7.64309 -9.43843 0.00000
    endloop
  endfacet
  facet normal 0.328200 -0.944608 0.000000
    outer loop
      vertex 7.80350 -9.38269 5.99866
      vertex 7.64309 -9.43843 5.89605
      vertex 7.80350 -9.38269 0.00000
    endloop
  endfacet
  facet normal 0.328200 -0.944608 0.000000
    outer loop
      vertex 7.64309 -9.43843 5.89605
      vertex 7.64309 -9.43843 0.00000
      vertex 7.80350 -9.38269 0.00000
    endloop
  endfacet
  facet normal 0.379871 -0.925039 0.000000
    outer loop
      vertex 7.95903 -9.31883 6.08943
      vertex 7.80350 -9.38269 5.99866
      vertex 7.95903 -9.31883 0.00000
    endloop
  endfacet
  facet normal 0.379871 -0.925039 0.000000
    outer loop
      vertex 7.80350 -9.38269 5.99866
      vertex 7.80350 -9.38269 0.00000
      vertex 7.95903 -9.31883 0.00000
    endloop
  endfacet
  facet normal 0.432149 -0.901802 0.000000
    outer loop
      vertex 8.10926 -9.24684 6.16760
      vertex 7.95903 -9.31883 6.08943
      vertex 8.10926 -9.24684 0.00000
    endloop
  endfacet
  facet normal 0.432149 -0.901802 0.000000
    outer loop
      vertex 7.95903 -9.31883 6.08943
      vertex 7.95903 -9.31883 0.00000
      vertex 8.10926 -9.24684 0.00000
    endloop
  endfacet
  facet normal 0.484539 -0.874770 0.000000
    outer loop
      vertex 8.18153 -9.20680 6.20005
      vertex 8.10926 -9.24684 6.16760
      vertex 8.18153 -9.20680 0.00000
    endloop
  endfacet
  facet normal 0.484537 -0.874771 0.000000
    outer loop
      vertex 8.25380 -9.16677 6.23250
      vertex 8.18153 -9.20680 6.20005
      vertex 8.25380 -9.16677 0.00000
    endloop
  endfacet
  facet normal 0.484539 -0.874770 0.000000
    outer loop
      vertex 8.10926 -9.24684 6.16760
      vertex 8.10926 -9.24684 0.00000
      vertex 8.18153 -9.20680 0.00000
    endloop
  endfacet
  facet normal 0.484537 -0.874771 0.000000
    outer loop
      vertex 8.18153 -9.20680 6.20005
      vertex 8.18153 -9.20680 0.00000
      vertex 8.25380 -9.16677 0.00000
    endloop
  endfacet
  facet normal 0.536520 -0.843888 0.000000
    outer loop
      vertex 8.32304 -9.12275 6.25804
      vertex 8.25380 -9.16677 6.23250
      vertex 8.32304 -9.12275 0.00000
    endloop
  endfacet
  facet normal 0.536506 -0.843897 0.000000
    outer loop
      vertex 8.39229 -9.07873 6.28358
      vertex 8.32304 -9.12275 6.25804
      vertex 8.39229 -9.07873 0.00000
    endloop
  endfacet
  facet normal 0.536520 -0.843888 0.000000
    outer loop
      vertex 8.25380 -9.16677 6.23250
      vertex 8.25380 -9.16677 0.00000
      vertex 8.32304 -9.12275 0.00000
    endloop
  endfacet
  facet normal 0.536506 -0.843897 0.000000
    outer loop
      vertex 8.32304 -9.12275 6.25804
      vertex 8.32304 -9.12275 0.00000
      vertex 8.39229 -9.07873 0.00000
    endloop
  endfacet
  facet normal 0.587521 -0.809209 0.000000
    outer loop
      vertex 8.52438 -8.98282 6.32039
      vertex 8.39229 -9.07873 6.28358
      vertex 8.52438 -8.98282 0.00000
    endloop
  endfacet
  facet normal 0.587521 -0.809209 0.000000
    outer loop
      vertex 8.39229 -9.07873 6.28358
      vertex 8.39229 -9.07873 0.00000
      vertex 8.52438 -8.98282 0.00000
    endloop
  endfacet
  facet normal 0.636987 -0.770874 0.000000
    outer loop
      vertex 8.58707 -8.93102 6.33150
      vertex 8.52438 -8.98282 6.32039
      vertex 8.58707 -8.93102 0.00000
    endloop
  endfacet
  facet normal 0.636994 -0.770868 0.000000
    outer loop
      vertex 8.64976 -8.87922 6.34260
      vertex 8.58707 -8.93102 6.33150
      vertex 8.64976 -8.87922 0.00000
    endloop
  endfacet
  facet normal 0.636987 -0.770874 0.000000
    outer loop
      vertex 8.52438 -8.98282 6.32039
      vertex 8.52438 -8.98282 0.00000
      vertex 8.58707 -8.93102 0.00000
    endloop
  endfacet
  facet normal 0.636994 -0.770868 0.000000
    outer loop
      vertex 8.58707 -8.93102 6.33150
      vertex 8.58707 -8.93102 0.00000
      vertex 8.64976 -8.87922 0.00000
    endloop
  endfacet
  facet normal 0.684362 -0.729142 0.000000
    outer loop
      vertex 8.76812 -8.76812 6.35003
      vertex 8.64976 -8.87922 6.34260
      vertex 8.76812 -8.76812 0.00000
    endloop
  endfacet
  facet normal 0.684362 -0.729142 0.000000
    outer loop
      vertex 8.64976 -8.87922 6.34260
      vertex 8.64976 -8.87922 0.00000
      vertex 8.76812 -8.76812 0.00000
    endloop
  endfacet
  facet normal 0.729142 -0.684362 0.000000
    outer loop
      vertex 8.87922 -8.64976 6.34260
      vertex 8.76812 -8.76812 6.35003
      vertex 8.76812 -8.76812 0.00000
    endloop
  endfacet
  facet normal 0.729142 -0.684362 0.000000
    outer loop
      vertex 8.87922 -8.64976 6.34260
      vertex 8.76812 -8.76812 0.00000
      vertex 8.87922 -8.64976 0.00000
    endloop
  endfacet
  facet normal 0.770871 -0.636991 0.000000
    outer loop
      vertex 8.98282 -8.52438 6.32039
      vertex 8.87922 -8.64976 6.34260
      vertex 8.87922 -8.64976 0.00000
    endloop
  endfacet
  facet normal 0.770871 -0.636991 0.000000
    outer loop
      vertex 8.98282 -8.52438 6.32039
      vertex 8.87922 -8.64976 0.00000
      vertex 8.98282 -8.52438 0.00000
    endloop
  endfacet
  facet normal 0.809209 -0.587521 0.000000
    outer loop
      vertex 9.03078 -8.45833 6.30199
      vertex 8.98282 -8.52438 6.32039
      vertex 8.98282 -8.52438 0.00000
    endloop
  endfacet
  facet normal 0.809209 -0.587521 0.000000
    outer loop
      vertex 9.07873 -8.39229 6.28358
      vertex 9.03078 -8.45833 6.30199
      vertex 9.03078 -8.45833 0.00000
    endloop
  endfacet
  facet normal 0.809209 -0.587521 0.000000
    outer loop
      vertex 9.03078 -8.45833 6.30199
      vertex 8.98282 -8.52438 0.00000
      vertex 9.03078 -8.45833 0.00000
    endloop
  endfacet
  facet normal 0.809209 -0.587521 0.000000
    outer loop
      vertex 9.07873 -8.39229 6.28358
      vertex 9.03078 -8.45833 0.00000
      vertex 9.07873 -8.39229 0.00000
    endloop
  endfacet
  facet normal 0.843892 -0.536513 0.000000
    outer loop
      vertex 9.16677 -8.25380 6.23250
      vertex 9.07873 -8.39229 6.28358
      vertex 9.07873 -8.39229 0.00000
    endloop
  endfacet
  facet normal 0.843892 -0.536513 0.000000
    outer loop
      vertex 9.16677 -8.25380 6.23250
      vertex 9.07873 -8.39229 0.00000
      vertex 9.16677 -8.25380 0.00000
    endloop
  endfacet
  facet normal 0.874770 -0.484538 0.000000
    outer loop
      vertex 9.24684 -8.10926 6.16760
      vertex 9.16677 -8.25380 6.23250
      vertex 9.16677 -8.25380 0.00000
    endloop
  endfacet
  facet normal 0.874770 -0.484538 0.000000
    outer loop
      vertex 9.24684 -8.10926 6.16760
      vertex 9.16677 -8.25380 0.00000
      vertex 9.24684 -8.10926 0.00000
    endloop
  endfacet
  facet normal 0.901802 -0.432149 0.000000
    outer loop
      vertex 9.31883 -7.95903 6.08943
      vertex 9.24684 -8.10926 6.16760
      vertex 9.24684 -8.10926 0.00000
    endloop
  endfacet
  facet normal 0.901802 -0.432149 0.000000
    outer loop
      vertex 9.31883 -7.95903 6.08943
      vertex 9.24684 -8.10926 0.00000
      vertex 9.31883 -7.95903 0.00000
    endloop
  endfacet
  facet normal 0.925039 -0.379871 0.000000
    outer loop
      vertex 9.35076 -7.88127 6.04404
      vertex 9.31883 -7.95903 6.08943
      vertex 9.31883 -7.95903 0.00000
    endloop
  endfacet
  facet normal 0.925039 -0.379871 0.000000
    outer loop
      vertex 9.38269 -7.80350 5.99866
      vertex 9.35076 -7.88127 6.04404
      vertex 9.35076 -7.88127 0.00000
    endloop
  endfacet
  facet normal 0.925039 -0.379871 0.000000
    outer loop
      vertex 9.35076 -7.88127 6.04404
      vertex 9.31883 -7.95903 0.00000
      vertex 9.35076 -7.88127 0.00000
    endloop
  endfacet
  facet normal 0.925039 -0.379871 0.000000
    outer loop
      vertex 9.38269 -7.80350 5.99866
      vertex 9.35076 -7.88127 0.00000
      vertex 9.38269 -7.80350 0.00000
    endloop
  endfacet
  facet normal 0.944607 -0.328204 0.000000
    outer loop
      vertex 9.41056 -7.72330 5.94735
      vertex 9.38269 -7.80350 5.99866
      vertex 9.38269 -7.80350 0.00000
    endloop
  endfacet
  facet normal 0.944610 -0.328196 0.000000
    outer loop
      vertex 9.43843 -7.64309 5.89605
      vertex 9.41056 -7.72330 5.94735
      vertex 9.41056 -7.72330 0.00000
    endloop
  endfacet
  facet normal 0.944607 -0.328204 0.000000
    outer loop
      vertex 9.41056 -7.72330 5.94735
      vertex 9.38269 -7.80350 0.00000
      vertex 9.41056 -7.72330 0.00000
    endloop
  endfacet
  facet normal 0.944610 -0.328196 0.000000
    outer loop
      vertex 9.43843 -7.64309 5.89605
      vertex 9.41056 -7.72330 0.00000
      vertex 9.43843 -7.64309 0.00000
    endloop
  endfacet
  facet normal 0.960712 -0.277548 0.000000
    outer loop
      vertex 9.48606 -7.47821 5.78245
      vertex 9.43843 -7.64309 5.89605
      vertex 9.43843 -7.64309 0.00000
    endloop
  endfacet
  facet normal 0.960712 -0.277548 0.000000
    outer loop
      vertex 9.48606 -7.47821 5.78245
      vertex 9.43843 -7.64309 0.00000
      vertex 9.48606 -7.47821 0.00000
    endloop
  endfacet
  facet normal 0.973599 -0.228264 0.000000
    outer loop
      vertex 9.52566 -7.30930 5.65877
      vertex 9.48606 -7.47821 5.78245
      vertex 9.48606 -7.47821 0.00000
    endloop
  endfacet
  facet normal 0.973599 -0.228264 0.000000
    outer loop
      vertex 9.52566 -7.30930 5.65877
      vertex 9.48606 -7.47821 0.00000
      vertex 9.52566 -7.30930 0.00000
    endloop
  endfacet
  facet normal 0.983546 -0.180657 0.000000
    outer loop
      vertex 9.55735 -7.13681 5.52600
      vertex 9.52566 -7.30930 5.65877
      vertex 9.52566 -7.30930 0.00000
    endloop
  endfacet
  facet normal 0.983546 -0.180657 0.000000
    outer loop
      vertex 9.55735 -7.13681 5.52600
      vertex 9.52566 -7.30930 0.00000
      vertex 9.55735 -7.13681 0.00000
    endloop
  endfacet
  facet normal 0.990851 -0.134962 0.000000
    outer loop
      vertex 9.56931 -7.04900 5.45558
      vertex 9.55735 -7.13681 5.52600
      vertex 9.55735 -7.13681 0.00000
    endloop
  endfacet
  facet normal 0.990852 -0.134952 0.000000
    outer loop
      vertex 9.58127 -6.96120 5.38515
      vertex 9.56931 -7.04900 5.45558
      vertex 9.56931 -7.04900 0.00000
    endloop
  endfacet
  facet normal 0.990851 -0.134962 0.000000
    outer loop
      vertex 9.56931 -7.04900 5.45558
      vertex 9.55735 -7.13681 0.00000
      vertex 9.56931 -7.04900 0.00000
    endloop
  endfacet
  facet normal 0.990852 -0.134952 0.000000
    outer loop
      vertex 9.58127 -6.96120 5.38515
      vertex 9.56931 -7.04900 0.00000
      vertex 9.58127 -6.96120 0.00000
    endloop
  endfacet
  facet normal 0.995820 -0.091339 0.000000
    outer loop
      vertex 9.59762 -6.78293 5.23728
      vertex 9.58127 -6.96120 5.38515
      vertex 9.58127 -6.96120 0.00000
    endloop
  endfacet
  facet normal 0.995820 -0.091339 0.000000
    outer loop
      vertex 9.59762 -6.78293 5.23728
      vertex 9.58127 -6.96120 0.00000
      vertex 9.59762 -6.78293 0.00000
    endloop
  endfacet
  facet normal 0.998752 -0.049944 0.000000
    outer loop
      vertex 9.60664 -6.60246 5.08343
      vertex 9.59762 -6.78293 5.23728
      vertex 9.59762 -6.78293 0.00000
    endloop
  endfacet
  facet normal 0.998752 -0.049944 0.000000
    outer loop
      vertex 9.60664 -6.60246 5.08343
      vertex 9.59762 -6.78293 0.00000
      vertex 9.60664 -6.60246 0.00000
    endloop
  endfacet
  facet normal 0.999941 -0.010859 0.000000
    outer loop
      vertex 9.60763 -6.51137 5.00405
      vertex 9.60664 -6.60246 5.08343
      vertex 9.60664 -6.60246 0.00000
    endloop
  endfacet
  facet normal 0.999941 -0.010870 0.000000
    outer loop
      vertex 9.60862 -6.42027 4.92467
      vertex 9.60763 -6.51137 5.00405
      vertex 9.60763 -6.51137 0.00000
    endloop
  endfacet
  facet normal 0.999941 -0.010859 0.000000
    outer loop
      vertex 9.60763 -6.51137 5.00405
      vertex 9.60664 -6.60246 0.00000
      vertex 9.60763 -6.51137 0.00000
    endloop
  endfacet
  facet normal 0.999941 -0.010870 0.000000
    outer loop
      vertex 9.60862 -6.42027 4.92467
      vertex 9.60763 -6.51137 0.00000
      vertex 9.60862 -6.42027 0.00000
    endloop
  endfacet
  facet normal 0.999666 0.025827 0.000000
    outer loop
      vertex 9.60388 -6.23683 4.76204
      vertex 9.60862 -6.42027 4.92467
      vertex 9.60862 -6.42027 0.00000
    endloop
  endfacet
  facet normal 0.999666 0.025827 0.000000
    outer loop
      vertex 9.60388 -6.23683 4.76204
      vertex 9.60862 -6.42027 0.00000
      vertex 9.60388 -6.23683 0.00000
    endloop
  endfacet
  facet normal 0.998194 0.060076 0.000000
    outer loop
      vertex 9.59834 -6.14472 4.67929
      vertex 9.60388 -6.23683 4.76204
      vertex 9.60388 -6.23683 0.00000
    endloop
  endfacet
  facet normal 0.998194 0.060076 0.000000
    outer loop
      vertex 9.59279 -6.05260 4.59654
      vertex 9.59834 -6.14472 4.67929
      vertex 9.59834 -6.14472 0.00000
    endloop
  endfacet
  facet normal 0.998194 0.060076 0.000000
    outer loop
      vertex 9.59834 -6.14472 4.67929
      vertex 9.60388 -6.23683 0.00000
      vertex 9.59834 -6.14472 0.00000
    endloop
  endfacet
  facet normal 0.998194 0.060076 0.000000
    outer loop
      vertex 9.59279 -6.05260 4.59654
      vertex 9.59834 -6.14472 0.00000
      vertex 9.59279 -6.05260 0.00000
    endloop
  endfacet
  facet normal 0.995775 0.091832 0.000000
    outer loop
      vertex 9.57577 -5.86804 4.42911
      vertex 9.59279 -6.05260 4.59654
      vertex 9.59279 -6.05260 0.00000
    endloop
  endfacet
  facet normal 0.995775 0.091832 0.000000
    outer loop
      vertex 9.57577 -5.86804 4.42911
      vertex 9.59279 -6.05260 0.00000
      vertex 9.57577 -5.86804 0.00000
    endloop
  endfacet
  facet normal 0.992647 0.121044 0.000000
    outer loop
      vertex 9.56453 -5.77582 4.34489
      vertex 9.57577 -5.86804 4.42911
      vertex 9.57577 -5.86804 0.00000
    endloop
  endfacet
  facet normal 0.992646 0.121055 0.000000
    outer loop
      vertex 9.55328 -5.68361 4.26066
      vertex 9.56453 -5.77582 4.34489
      vertex 9.56453 -5.77582 0.00000
    endloop
  endfacet
  facet normal 0.992647 0.121044 0.000000
    outer loop
      vertex 9.56453 -5.77582 4.34489
      vertex 9.57577 -5.86804 0.00000
      vertex 9.56453 -5.77582 0.00000
    endloop
  endfacet
  facet normal 0.992646 0.121055 0.000000
    outer loop
      vertex 9.55328 -5.68361 4.26066
      vertex 9.56453 -5.77582 0.00000
      vertex 9.55328 -5.68361 0.00000
    endloop
  endfacet
  facet normal 0.989038 0.147664 0.000000
    outer loop
      vertex 9.52583 -5.49974 4.09198
      vertex 9.55328 -5.68361 4.26066
      vertex 9.55328 -5.68361 0.00000
    endloop
  endfacet
  facet normal 0.989038 0.147664 0.000000
    outer loop
      vertex 9.52583 -5.49974 4.09198
      vertex 9.55328 -5.68361 0.00000
      vertex 9.52583 -5.49974 0.00000
    endloop
  endfacet
  facet normal 0.985171 0.171577 0.000000
    outer loop
      vertex 9.49399 -5.31689 3.92378
      vertex 9.52583 -5.49974 4.09198
      vertex 9.52583 -5.49974 0.00000
    endloop
  endfacet
  facet normal 0.985171 0.171577 0.000000
    outer loop
      vertex 9.49399 -5.31689 3.92378
      vertex 9.52583 -5.49974 0.00000
      vertex 9.49399 -5.31689 0.00000
    endloop
  endfacet
  facet normal 0.981267 0.192654 0.000000
    outer loop
      vertex 9.47618 -5.22618 3.84023
      vertex 9.49399 -5.31689 3.92378
      vertex 9.49399 -5.31689 0.00000
    endloop
  endfacet
  facet normal 0.981265 0.192665 0.000000
    outer loop
      vertex 9.45837 -5.13547 3.75668
      vertex 9.47618 -5.22618 3.84023
      vertex 9.47618 -5.22618 0.00000
    endloop
  endfacet
  facet normal 0.981267 0.192654 0.000000
    outer loop
      vertex 9.47618 -5.22618 3.84023
      vertex 9.49399 -5.31689 0.00000
      vertex 9.47618 -5.22618 0.00000
    endloop
  endfacet
  facet normal 0.981265 0.192665 0.000000
    outer loop
      vertex 9.45837 -5.13547 3.75668
      vertex 9.47618 -5.22618 0.00000
      vertex 9.45837 -5.13547 0.00000
    endloop
  endfacet
  facet normal 0.977557 0.210671 0.000000
    outer loop
      vertex 9.43902 -5.04570 3.67391
      vertex 9.45837 -5.13547 3.75668
      vertex 9.45837 -5.13547 0.00000
    endloop
  endfacet
  facet normal 0.977555 0.210681 0.000000
    outer loop
      vertex 9.41967 -4.95593 3.59114
      vertex 9.43902 -5.04570 3.67391
      vertex 9.43902 -5.04570 0.00000
    endloop
  endfacet
  facet normal 0.977557 0.210671 0.000000
    outer loop
      vertex 9.43902 -5.04570 3.67391
      vertex 9.45837 -5.13547 0.00000
      vertex 9.43902 -5.04570 0.00000
    endloop
  endfacet
  facet normal 0.977555 0.210681 0.000000
    outer loop
      vertex 9.41967 -4.95593 3.59114
      vertex 9.43902 -5.04570 0.00000
      vertex 9.41967 -4.95593 0.00000
    endloop
  endfacet
  facet normal 0.974288 0.225307 0.000000
    outer loop
      vertex 9.37868 -4.77868 3.42750
      vertex 9.41967 -4.95593 3.59114
      vertex 9.41967 -4.95593 0.00000
    endloop
  endfacet
  facet normal 0.974288 0.225307 0.000000
    outer loop
      vertex 9.37868 -4.77868 3.42750
      vertex 9.41967 -4.95593 0.00000
      vertex 9.37868 -4.77868 0.00000
    endloop
  endfacet
  facet normal 0.971749 0.236017 0.000000
    outer loop
      vertex 9.35749 -4.69141 3.34672
      vertex 9.37868 -4.77868 3.42750
      vertex 9.37868 -4.77868 0.00000
    endloop
  endfacet
  facet normal 0.971751 0.236006 0.000000
    outer loop
      vertex 9.33629 -4.60415 3.26593
      vertex 9.35749 -4.69141 3.34672
      vertex 9.35749 -4.69141 0.00000
    endloop
  endfacet
  facet normal 0.971749 0.236017 0.000000
    outer loop
      vertex 9.35749 -4.69141 3.34672
      vertex 9.37868 -4.77868 0.00000
      vertex 9.35749 -4.69141 0.00000
    endloop
  endfacet
  facet normal 0.971751 0.236006 0.000000
    outer loop
      vertex 9.33629 -4.60415 3.26593
      vertex 9.35749 -4.69141 0.00000
      vertex 9.33629 -4.60415 0.00000
    endloop
  endfacet
  facet normal 0.970303 0.241894 0.000000
    outer loop
      vertex 9.31494 -4.51848 3.18614
      vertex 9.33629 -4.60415 3.26593
      vertex 9.33629 -4.60415 0.00000
    endloop
  endfacet
  facet normal 0.970303 0.241894 0.000000
    outer loop
      vertex 9.29358 -4.43281 3.10636
      vertex 9.31494 -4.51848 3.18614
      vertex 9.31494 -4.51848 0.00000
    endloop
  endfacet
  facet normal 0.970303 0.241894 0.000000
    outer loop
      vertex 9.31494 -4.51848 3.18614
      vertex 9.33629 -4.60415 0.00000
      vertex 9.31494 -4.51848 0.00000
    endloop
  endfacet
  facet normal 0.970303 0.241894 0.000000
    outer loop
      vertex 9.29358 -4.43281 3.10636
      vertex 9.31494 -4.51848 0.00000
      vertex 9.29358 -4.43281 0.00000
    endloop
  endfacet
  facet normal 0.970440 0.241342 0.000000
    outer loop
      vertex 9.25189 -4.26518 2.94847
      vertex 9.29358 -4.43281 3.10636
      vertex 9.29358 -4.43281 0.00000
    endloop
  endfacet
  facet normal 0.970440 0.241342 0.000000
    outer loop
      vertex 9.25189 -4.26518 2.94847
      vertex 9.29358 -4.43281 0.00000
      vertex 9.25189 -4.26518 0.00000
    endloop
  endfacet
  facet normal 0.972934 0.231081 0.000000
    outer loop
      vertex 9.23251 -4.18356 2.86999
      vertex 9.25189 -4.26518 2.94847
      vertex 9.25189 -4.26518 0.00000
    endloop
  endfacet
  facet normal 0.972937 0.231070 0.000000
    outer loop
      vertex 9.21312 -4.10195 2.79151
      vertex 9.23251 -4.18356 2.86999
      vertex 9.23251 -4.18356 0.00000
    endloop
  endfacet
  facet normal 0.972934 0.231081 0.000000
    outer loop
      vertex 9.23251 -4.18356 2.86999
      vertex 9.25189 -4.26518 0.00000
      vertex 9.23251 -4.18356 0.00000
    endloop
  endfacet
  facet normal 0.972937 0.231070 0.000000
    outer loop
      vertex 9.21312 -4.10195 2.79151
      vertex 9.23251 -4.18356 0.00000
      vertex 9.21312 -4.10195 0.00000
    endloop
  endfacet
  facet normal 0.979280 0.202513 0.000000
    outer loop
      vertex 9.19682 -4.02310 2.71268
      vertex 9.21312 -4.10195 2.79151
      vertex 9.21312 -4.10195 0.00000
    endloop
  endfacet
  facet normal 0.979277 0.202525 0.000000
    outer loop
      vertex 9.18051 -3.94426 2.63385
      vertex 9.19682 -4.02310 2.71268
      vertex 9.19682 -4.02310 0.00000
    endloop
  endfacet
  facet normal 0.979280 0.202513 0.000000
    outer loop
      vertex 9.19682 -4.02310 2.71268
      vertex 9.21312 -4.10195 0.00000
      vertex 9.19682 -4.02310 0.00000
    endloop
  endfacet
  facet normal 0.979277 0.202525 0.000000
    outer loop
      vertex 9.18051 -3.94426 2.63385
      vertex 9.19682 -4.02310 0.00000
      vertex 9.18051 -3.94426 0.00000
    endloop
  endfacet
  facet normal 0.994475 0.104976 0.000000
    outer loop
      vertex 9.17270 -3.87024 2.55193
      vertex 9.18051 -3.94426 2.63385
      vertex 9.18051 -3.94426 0.00000
    endloop
  endfacet
  facet normal 0.994473 0.104989 0.000000
    outer loop
      vertex 9.16488 -3.79622 2.47000
      vertex 9.17270 -3.87024 2.55193
      vertex 9.17270 -3.87024 0.00000
    endloop
  endfacet
  facet normal 0.994475 0.104976 0.000000
    outer loop
      vertex 9.17270 -3.87024 2.55193
      vertex 9.18051 -3.94426 0.00000
      vertex 9.17270 -3.87024 0.00000
    endloop
  endfacet
  facet normal 0.994473 0.104989 0.000000
    outer loop
      vertex 9.16488 -3.79622 2.47000
      vertex 9.17270 -3.87024 0.00000
      vertex 9.16488 -3.79622 0.00000
    endloop
  endfacet
  facet normal 0.994473 -0.104989 0.000000
    outer loop
      vertex 9.17270 3.87024 2.55193
      vertex 9.16488 3.79622 2.47000
      vertex 9.17270 3.87024 0.00000
    endloop
  endfacet
  facet normal 0.994475 -0.104976 0.000000
    outer loop
      vertex 9.18051 3.94426 2.63385
      vertex 9.17270 3.87024 2.55193
      vertex 9.18051 3.94426 0.00000
    endloop
  endfacet
  facet normal 0.994473 -0.104989 0.000000
    outer loop
      vertex 9.16488 3.79622 2.47000
      vertex 9.16488 3.79622 0.00000
      vertex 9.17270 3.87024 0.00000
    endloop
  endfacet
  facet normal 0.994475 -0.104976 0.000000
    outer loop
      vertex 9.17270 3.87024 2.55193
      vertex 9.17270 3.87024 0.00000
      vertex 9.18051 3.94426 0.00000
    endloop
  endfacet
  facet normal 0.979278 -0.202519 0.000000
    outer loop
      vertex 9.21312 4.10195 2.79151
      vertex 9.18051 3.94426 2.63385
      vertex 9.21312 4.10195 0.00000
    endloop
  endfacet
  facet normal 0.979278 -0.202519 0.000000
    outer loop
      vertex 9.18051 3.94426 2.63385
      vertex 9.18051 3.94426 0.00000
      vertex 9.21312 4.10195 0.00000
    endloop
  endfacet
  facet normal 0.972936 -0.231076 0.000000
    outer loop
      vertex 9.25189 4.26518 2.94847
      vertex 9.21312 4.10195 2.79151
      vertex 9.25189 4.26518 0.00000
    endloop
  endfacet
  facet normal 0.972936 -0.231076 0.000000
    outer loop
      vertex 9.21312 4.10195 2.79151
      vertex 9.21312 4.10195 0.00000
      vertex 9.25189 4.26518 0.00000
    endloop
  endfacet
  facet normal 0.970440 -0.241342 0.000000
    outer loop
      vertex 9.29358 4.43281 3.10636
      vertex 9.25189 4.26518 2.94847
      vertex 9.29358 4.43281 0.00000
    endloop
  endfacet
  facet normal 0.970440 -0.241342 0.000000
    outer loop
      vertex 9.25189 4.26518 2.94847
      vertex 9.25189 4.26518 0.00000
      vertex 9.29358 4.43281 0.00000
    endloop
  endfacet
  facet normal 0.970303 -0.241894 0.000000
    outer loop
      vertex 9.31494 4.51848 3.18614
      vertex 9.29358 4.43281 3.10636
      vertex 9.31494 4.51848 0.00000
    endloop
  endfacet
  facet normal 0.970303 -0.241894 0.000000
    outer loop
      vertex 9.33629 4.60415 3.26593
      vertex 9.31494 4.51848 3.18614
      vertex 9.33629 4.60415 0.00000
    endloop
  endfacet
  facet normal 0.970303 -0.241894 0.000000
    outer loop
      vertex 9.29358 4.43281 3.10636
      vertex 9.29358 4.43281 0.00000
      vertex 9.31494 4.51848 0.00000
    endloop
  endfacet
  facet normal 0.970303 -0.241894 0.000000
    outer loop
      vertex 9.31494 4.51848 3.18614
      vertex 9.31494 4.51848 0.00000
      vertex 9.33629 4.60415 0.00000
    endloop
  endfacet
  facet normal 0.971750 -0.236012 0.000000
    outer loop
      vertex 9.37868 4.77868 3.42750
      vertex 9.33629 4.60415 3.26593
      vertex 9.37868 4.77868 0.00000
    endloop
  endfacet
  facet normal 0.971750 -0.236012 0.000000
    outer loop
      vertex 9.33629 4.60415 3.26593
      vertex 9.33629 4.60415 0.00000
      vertex 9.37868 4.77868 0.00000
    endloop
  endfacet
  facet normal 0.974288 -0.225307 0.000000
    outer loop
      vertex 9.39918 4.86730 3.50932
      vertex 9.37868 4.77868 3.42750
      vertex 9.39918 4.86730 0.00000
    endloop
  endfacet
  facet normal 0.974288 -0.225308 0.000000
    outer loop
      vertex 9.41967 4.95593 3.59114
      vertex 9.39918 4.86730 3.50932
      vertex 9.41967 4.95593 0.00000
    endloop
  endfacet
  facet normal 0.974288 -0.225307 0.000000
    outer loop
      vertex 9.37868 4.77868 3.42750
      vertex 9.37868 4.77868 0.00000
      vertex 9.39918 4.86730 0.00000
    endloop
  endfacet
  facet normal 0.974288 -0.225308 0.000000
    outer loop
      vertex 9.39918 4.86730 3.50932
      vertex 9.39918 4.86730 0.00000
      vertex 9.41967 4.95593 0.00000
    endloop
  endfacet
  facet normal 0.977556 -0.210676 0.000000
    outer loop
      vertex 9.45837 5.13547 3.75668
      vertex 9.41967 4.95593 3.59114
      vertex 9.45837 5.13547 0.00000
    endloop
  endfacet
  facet normal 0.977556 -0.210676 0.000000
    outer loop
      vertex 9.41967 4.95593 3.59114
      vertex 9.41967 4.95593 0.00000
      vertex 9.45837 5.13547 0.00000
    endloop
  endfacet
  facet normal 0.981266 -0.192660 0.000000
    outer loop
      vertex 9.49399 5.31689 3.92378
      vertex 9.45837 5.13547 3.75668
      vertex 9.49399 5.31689 0.00000
    endloop
  endfacet
  facet normal 0.981266 -0.192660 0.000000
    outer loop
      vertex 9.45837 5.13547 3.75668
      vertex 9.45837 5.13547 0.00000
      vertex 9.49399 5.31689 0.00000
    endloop
  endfacet
  facet normal 0.985171 -0.171576 0.000000
    outer loop
      vertex 9.50991 5.40831 4.00788
      vertex 9.49399 5.31689 3.92378
      vertex 9.50991 5.40831 0.00000
    endloop
  endfacet
  facet normal 0.985171 -0.171577 0.000000
    outer loop
      vertex 9.52583 5.49974 4.09198
      vertex 9.50991 5.40831 4.00788
      vertex 9.52583 5.49974 0.00000
    endloop
  endfacet
  facet normal 0.985171 -0.171576 0.000000
    outer loop
      vertex 9.49399 5.31689 3.92378
      vertex 9.49399 5.31689 0.00000
      vertex 9.50991 5.40831 0.00000
    endloop
  endfacet
  facet normal 0.985171 -0.171577 0.000000
    outer loop
      vertex 9.50991 5.40831 4.00788
      vertex 9.50991 5.40831 0.00000
      vertex 9.52583 5.49974 0.00000
    endloop
  endfacet
  facet normal 0.989038 -0.147664 0.000000
    outer loop
      vertex 9.55328 5.68361 4.26066
      vertex 9.52583 5.49974 4.09198
      vertex 9.55328 5.68361 0.00000
    endloop
  endfacet
  facet normal 0.989038 -0.147664 0.000000
    outer loop
      vertex 9.52583 5.49974 4.09198
      vertex 9.52583 5.49974 0.00000
      vertex 9.55328 5.68361 0.00000
    endloop
  endfacet
  facet normal 0.992646 -0.121049 0.000000
    outer loop
      vertex 9.57577 5.86804 4.42911
      vertex 9.55328 5.68361 4.26066
      vertex 9.57577 5.86804 0.00000
    endloop
  endfacet
  facet normal 0.992646 -0.121049 0.000000
    outer loop
      vertex 9.55328 5.68361 4.26066
      vertex 9.55328 5.68361 0.00000
      vertex 9.57577 5.86804 0.00000
    endloop
  endfacet
  facet normal 0.995774 -0.091837 0.000000
    outer loop
      vertex 9.58428 5.96032 4.51283
      vertex 9.57577 5.86804 4.42911
      vertex 9.58428 5.96032 0.00000
    endloop
  endfacet
  facet normal 0.995775 -0.091826 0.000000
    outer loop
      vertex 9.59279 6.05260 4.59654
      vertex 9.58428 5.96032 4.51283
      vertex 9.59279 6.05260 0.00000
    endloop
  endfacet
  facet normal 0.995774 -0.091837 0.000000
    outer loop
      vertex 9.57577 5.86804 4.42911
      vertex 9.57577 5.86804 0.00000
      vertex 9.58428 5.96032 0.00000
    endloop
  endfacet
  facet normal 0.995775 -0.091826 0.000000
    outer loop
      vertex 9.58428 5.96032 4.51283
      vertex 9.58428 5.96032 0.00000
      vertex 9.59279 6.05260 0.00000
    endloop
  endfacet
  facet normal 0.998194 -0.060076 0.000000
    outer loop
      vertex 9.60388 6.23683 4.76204
      vertex 9.59279 6.05260 4.59654
      vertex 9.60388 6.23683 0.00000
    endloop
  endfacet
  facet normal 0.998194 -0.060076 0.000000
    outer loop
      vertex 9.59279 6.05260 4.59654
      vertex 9.59279 6.05260 0.00000
      vertex 9.60388 6.23683 0.00000
    endloop
  endfacet
  facet normal 0.999666 -0.025827 0.000000
    outer loop
      vertex 9.60862 6.42027 4.92467
      vertex 9.60388 6.23683 4.76204
      vertex 9.60862 6.42027 0.00000
    endloop
  endfacet
  facet normal 0.999666 -0.025827 0.000000
    outer loop
      vertex 9.60388 6.23683 4.76204
      vertex 9.60388 6.23683 0.00000
      vertex 9.60862 6.42027 0.00000
    endloop
  endfacet
  facet normal 0.999941 0.010865 0.000000
    outer loop
      vertex 9.60664 6.60246 5.08343
      vertex 9.60862 6.42027 4.92467
      vertex 9.60664 6.60246 0.00000
    endloop
  endfacet
  facet normal 0.999941 0.010865 0.000000
    outer loop
      vertex 9.60862 6.42027 4.92467
      vertex 9.60862 6.42027 0.00000
      vertex 9.60664 6.60246 0.00000
    endloop
  endfacet
  facet normal 0.998752 0.049950 0.000000
    outer loop
      vertex 9.60213 6.69269 5.16035
      vertex 9.60664 6.60246 5.08343
      vertex 9.60213 6.69269 0.00000
    endloop
  endfacet
  facet normal 0.998752 0.049939 0.000000
    outer loop
      vertex 9.59762 6.78293 5.23728
      vertex 9.60213 6.69269 5.16035
      vertex 9.59762 6.78293 0.00000
    endloop
  endfacet
  facet normal 0.998752 0.049950 0.000000
    outer loop
      vertex 9.60664 6.60246 5.08343
      vertex 9.60664 6.60246 0.00000
      vertex 9.60213 6.69269 0.00000
    endloop
  endfacet
  facet normal 0.998752 0.049939 0.000000
    outer loop
      vertex 9.60213 6.69269 5.16035
      vertex 9.60213 6.69269 0.00000
      vertex 9.59762 6.78293 0.00000
    endloop
  endfacet
  facet normal 0.995820 0.091339 0.000000
    outer loop
      vertex 9.58127 6.96120 5.38515
      vertex 9.59762 6.78293 5.23728
      vertex 9.58127 6.96120 0.00000
    endloop
  endfacet
  facet normal 0.995820 0.091339 0.000000
    outer loop
      vertex 9.59762 6.78293 5.23728
      vertex 9.59762 6.78293 0.00000
      vertex 9.58127 6.96120 0.00000
    endloop
  endfacet
  facet normal 0.990852 0.134952 0.000000
    outer loop
      vertex 9.56931 7.04900 5.45558
      vertex 9.58127 6.96120 5.38515
      vertex 9.56931 7.04900 0.00000
    endloop
  endfacet
  facet normal 0.990851 0.134962 0.000000
    outer loop
      vertex 9.55735 7.13681 5.52600
      vertex 9.56931 7.04900 5.45558
      vertex 9.55735 7.13681 0.00000
    endloop
  endfacet
  facet normal 0.990852 0.134952 0.000000
    outer loop
      vertex 9.58127 6.96120 5.38515
      vertex 9.58127 6.96120 0.00000
      vertex 9.56931 7.04900 0.00000
    endloop
  endfacet
  facet normal 0.990851 0.134962 0.000000
    outer loop
      vertex 9.56931 7.04900 5.45558
      vertex 9.56931 7.04900 0.00000
      vertex 9.55735 7.13681 0.00000
    endloop
  endfacet
  facet normal 0.983546 0.180657 0.000000
    outer loop
      vertex 9.52566 7.30930 5.65877
      vertex 9.55735 7.13681 5.52600
      vertex 9.52566 7.30930 0.00000
    endloop
  endfacet
  facet normal 0.983546 0.180657 0.000000
    outer loop
      vertex 9.55735 7.13681 5.52600
      vertex 9.55735 7.13681 0.00000
      vertex 9.52566 7.30930 0.00000
    endloop
  endfacet
  facet normal 0.973599 0.228264 0.000000
    outer loop
      vertex 9.50586 7.39375 5.72061
      vertex 9.52566 7.30930 5.65877
      vertex 9.50586 7.39375 0.00000
    endloop
  endfacet
  facet normal 0.973599 0.228265 0.000000
    outer loop
      vertex 9.48606 7.47821 5.78245
      vertex 9.50586 7.39375 5.72061
      vertex 9.48606 7.47821 0.00000
    endloop
  endfacet
  facet normal 0.973599 0.228264 0.000000
    outer loop
      vertex 9.52566 7.30930 5.65877
      vertex 9.52566 7.30930 0.00000
      vertex 9.50586 7.39375 0.00000
    endloop
  endfacet
  facet normal 0.973599 0.228265 0.000000
    outer loop
      vertex 9.50586 7.39375 5.72061
      vertex 9.50586 7.39375 0.00000
      vertex 9.48606 7.47821 0.00000
    endloop
  endfacet
  facet normal 0.960712 0.277548 0.000000
    outer loop
      vertex 9.43843 7.64309 5.89605
      vertex 9.48606 7.47821 5.78245
      vertex 9.43843 7.64309 0.00000
    endloop
  endfacet
  facet normal 0.960712 0.277548 0.000000
    outer loop
      vertex 9.48606 7.47821 5.78245
      vertex 9.48606 7.47821 0.00000
      vertex 9.43843 7.64309 0.00000
    endloop
  endfacet
  facet normal 0.944608 0.328200 0.000000
    outer loop
      vertex 9.38269 7.80350 5.99866
      vertex 9.43843 7.64309 5.89605
      vertex 9.38269 7.80350 0.00000
    endloop
  endfacet
  facet normal 0.944608 0.328200 0.000000
    outer loop
      vertex 9.43843 7.64309 5.89605
      vertex 9.43843 7.64309 0.00000
      vertex 9.38269 7.80350 0.00000
    endloop
  endfacet
  facet normal 0.925039 0.379871 0.000000
    outer loop
      vertex 9.35076 7.88127 6.04404
      vertex 9.38269 7.80350 5.99866
      vertex 9.35076 7.88127 0.00000
    endloop
  endfacet
  facet normal 0.925039 0.379871 0.000000
    outer loop
      vertex 9.31883 7.95903 6.08943
      vertex 9.35076 7.88127 6.04404
      vertex 9.31883 7.95903 0.00000
    endloop
  endfacet
  facet normal 0.925039 0.379871 0.000000
    outer loop
      vertex 9.38269 7.80350 5.99866
      vertex 9.38269 7.80350 0.00000
      vertex 9.35076 7.88127 0.00000
    endloop
  endfacet
  facet normal 0.925039 0.379871 0.000000
    outer loop
      vertex 9.35076 7.88127 6.04404
      vertex 9.35076 7.88127 0.00000
      vertex 9.31883 7.95903 0.00000
    endloop
  endfacet
  facet normal 0.901802 0.432150 0.000000
    outer loop
      vertex 9.28283 8.03414 6.12852
      vertex 9.31883 7.95903 6.08943
      vertex 9.28283 8.03414 0.00000
    endloop
  endfacet
  facet normal 0.901803 0.432148 0.000000
    outer loop
      vertex 9.24684 8.10926 6.16760
      vertex 9.28283 8.03414 6.12852
      vertex 9.24684 8.10926 0.00000
    endloop
  endfacet
  facet normal 0.901802 0.432150 0.000000
    outer loop
      vertex 9.31883 7.95903 6.08943
      vertex 9.31883 7.95903 0.00000
      vertex 9.28283 8.03414 0.00000
    endloop
  endfacet
  facet normal 0.901803 0.432148 0.000000
    outer loop
      vertex 9.28283 8.03414 6.12852
      vertex 9.28283 8.03414 0.00000
      vertex 9.24684 8.10926 0.00000
    endloop
  endfacet
  facet normal 0.874770 0.484539 0.000000
    outer loop
      vertex 9.20680 8.18153 6.20005
      vertex 9.24684 8.10926 6.16760
      vertex 9.20680 8.18153 0.00000
    endloop
  endfacet
  facet normal 0.874771 0.484537 0.000000
    outer loop
      vertex 9.16677 8.25380 6.23250
      vertex 9.20680 8.18153 6.20005
      vertex 9.16677 8.25380 0.00000
    endloop
  endfacet
  facet normal 0.874770 0.484539 0.000000
    outer loop
      vertex 9.24684 8.10926 6.16760
      vertex 9.24684 8.10926 0.00000
      vertex 9.20680 8.18153 0.00000
    endloop
  endfacet
  facet normal 0.874771 0.484537 0.000000
    outer loop
      vertex 9.20680 8.18153 6.20005
      vertex 9.20680 8.18153 0.00000
      vertex 9.16677 8.25380 0.00000
    endloop
  endfacet
  facet normal 0.843888 0.536520 0.000000
    outer loop
      vertex 9.12275 8.32304 6.25804
      vertex 9.16677 8.25380 6.23250
      vertex 9.12275 8.32304 0.00000
    endloop
  endfacet
  facet normal 0.843897 0.536506 0.000000
    outer loop
      vertex 9.07873 8.39229 6.28358
      vertex 9.12275 8.32304 6.25804
      vertex 9.07873 8.39229 0.00000
    endloop
  endfacet
  facet normal 0.843888 0.536520 0.000000
    outer loop
      vertex 9.16677 8.25380 6.23250
      vertex 9.16677 8.25380 0.00000
      vertex 9.12275 8.32304 0.00000
    endloop
  endfacet
  facet normal 0.843897 0.536506 0.000000
    outer loop
      vertex 9.12275 8.32304 6.25804
      vertex 9.12275 8.32304 0.00000
      vertex 9.07873 8.39229 0.00000
    endloop
  endfacet
  facet normal 0.809209 0.587521 0.000000
    outer loop
      vertex 8.98282 8.52438 6.32039
      vertex 9.07873 8.39229 6.28358
      vertex 8.98282 8.52438 0.00000
    endloop
  endfacet
  facet normal 0.809209 0.587521 0.000000
    outer loop
      vertex 9.07873 8.39229 6.28358
      vertex 9.07873 8.39229 0.00000
      vertex 8.98282 8.52438 0.00000
    endloop
  endfacet
  facet normal 0.770871 0.636991 0.000000
    outer loop
      vertex 8.87922 8.64976 6.34260
      vertex 8.98282 8.52438 6.32039
      vertex 8.87922 8.64976 0.00000
    endloop
  endfacet
  facet normal 0.770871 0.636991 0.000000
    outer loop
      vertex 8.98282 8.52438 6.32039
      vertex 8.98282 8.52438 0.00000
      vertex 8.87922 8.64976 0.00000
    endloop
  endfacet
  facet normal 0.729142 0.684362 0.000000
    outer loop
      vertex 8.76812 8.76812 6.35003
      vertex 8.87922 8.64976 6.34260
      vertex 8.76812 8.76812 0.00000
    endloop
  endfacet
  facet normal 0.729142 0.684362 0.000000
    outer loop
      vertex 8.87922 8.64976 6.34260
      vertex 8.87922 8.64976 0.00000
      vertex 8.76812 8.76812 0.00000
    endloop
  endfacet
  facet normal 0.684368 0.729136 0.000000
    outer loop
      vertex 8.70894 8.82367 6.34632
      vertex 8.76812 8.76812 6.35003
      vertex 8.76812 8.76812 0.00000
    endloop
  endfacet
  facet normal 0.684356 0.729148 0.000000
    outer loop
      vertex 8.64976 8.87922 6.34260
      vertex 8.70894 8.82367 6.34632
      vertex 8.70894 8.82367 0.00000
    endloop
  endfacet
  facet normal 0.684368 0.729136 0.000000
    outer loop
      vertex 8.70894 8.82367 6.34632
      vertex 8.76812 8.76812 0.00000
      vertex 8.70894 8.82367 0.00000
    endloop
  endfacet
  facet normal 0.684356 0.729148 0.000000
    outer loop
      vertex 8.64976 8.87922 6.34260
      vertex 8.70894 8.82367 0.00000
      vertex 8.64976 8.87922 0.00000
    endloop
  endfacet
  facet normal 0.636991 0.770871 0.000000
    outer loop
      vertex 8.52438 8.98282 6.32039
      vertex 8.64976 8.87922 6.34260
      vertex 8.64976 8.87922 0.00000
    endloop
  endfacet
  facet normal 0.636991 0.770871 0.000000
    outer loop
      vertex 8.52438 8.98282 6.32039
      vertex 8.64976 8.87922 0.00000
      vertex 8.52438 8.98282 0.00000
    endloop
  endfacet
  facet normal 0.587521 0.809209 0.000000
    outer loop
      vertex 8.39229 9.07873 6.28358
      vertex 8.52438 8.98282 6.32039
      vertex 8.52438 8.98282 0.00000
    endloop
  endfacet
  facet normal 0.587521 0.809209 0.000000
    outer loop
      vertex 8.39229 9.07873 6.28358
      vertex 8.52438 8.98282 0.00000
      vertex 8.39229 9.07873 0.00000
    endloop
  endfacet
  facet normal 0.536506 0.843897 0.000000
    outer loop
      vertex 8.32304 9.12275 6.25804
      vertex 8.39229 9.07873 6.28358
      vertex 8.39229 9.07873 0.00000
    endloop
  endfacet
  facet normal 0.536520 0.843888 0.000000
    outer loop
      vertex 8.25380 9.16677 6.23250
      vertex 8.32304 9.12275 6.25804
      vertex 8.32304 9.12275 0.00000
    endloop
  endfacet
  facet normal 0.536506 0.843897 0.000000
    outer loop
      vertex 8.32304 9.12275 6.25804
      vertex 8.39229 9.07873 0.00000
      vertex 8.32304 9.12275 0.00000
    endloop
  endfacet
  facet normal 0.536520 0.843888 0.000000
    outer loop
      vertex 8.25380 9.16677 6.23250
      vertex 8.32304 9.12275 0.00000
      vertex 8.25380 9.16677 0.00000
    endloop
  endfacet
  facet normal 0.484538 0.874770 0.000000
    outer loop
      vertex 8.10926 9.24684 6.16760
      vertex 8.25380 9.16677 6.23250
      vertex 8.25380 9.16677 0.00000
    endloop
  endfacet
  facet normal 0.484538 0.874770 0.000000
    outer loop
      vertex 8.10926 9.24684 6.16760
      vertex 8.25380 9.16677 0.00000
      vertex 8.10926 9.24684 0.00000
    endloop
  endfacet
  facet normal 0.432148 0.901803 0.000000
    outer loop
      vertex 8.03414 9.28283 6.12852
      vertex 8.10926 9.24684 6.16760
      vertex 8.10926 9.24684 0.00000
    endloop
  endfacet
  facet normal 0.432150 0.901802 0.000000
    outer loop
      vertex 7.95903 9.31883 6.08943
      vertex 8.03414 9.28283 6.12852
      vertex 8.03414 9.28283 0.00000
    endloop
  endfacet
  facet normal 0.432148 0.901803 0.000000
    outer loop
      vertex 8.03414 9.28283 6.12852
      vertex 8.10926 9.24684 0.00000
      vertex 8.03414 9.28283 0.00000
    endloop
  endfacet
  facet normal 0.432150 0.901802 0.000000
    outer loop
      vertex 7.95903 9.31883 6.08943
      vertex 8.03414 9.28283 0.00000
      vertex 7.95903 9.31883 0.00000
    endloop
  endfacet
  facet normal 0.379871 0.925039 0.000000
    outer loop
      vertex 7.80350 9.38269 5.99866
      vertex 7.95903 9.31883 6.08943
      vertex 7.95903 9.31883 0.00000
    endloop
  endfacet
  facet normal 0.379871 0.925039 0.000000
    outer loop
      vertex 7.80350 9.38269 5.99866
      vertex 7.95903 9.31883 0.00000
      vertex 7.80350 9.38269 0.00000
    endloop
  endfacet
  facet normal 0.328204 0.944607 0.000000
    outer loop
      vertex 7.72330 9.41056 5.94735
      vertex 7.80350 9.38269 5.99866
      vertex 7.80350 9.38269 0.00000
    endloop
  endfacet
  facet normal 0.328196 0.944610 0.000000
    outer loop
      vertex 7.64309 9.43843 5.89605
      vertex 7.72330 9.41056 5.94735
      vertex 7.72330 9.41056 0.00000
    endloop
  endfacet
  facet normal 0.328204 0.944607 0.000000
    outer loop
      vertex 7.72330 9.41056 5.94735
      vertex 7.80350 9.38269 0.00000
      vertex 7.72330 9.41056 0.00000
    endloop
  endfacet
  facet normal 0.328196 0.944610 0.000000
    outer loop
      vertex 7.64309 9.43843 5.89605
      vertex 7.72330 9.41056 0.00000
      vertex 7.64309 9.43843 0.00000
    endloop
  endfacet
  facet normal 0.277548 0.960712 0.000000
    outer loop
      vertex 7.47821 9.48606 5.78245
      vertex 7.64309 9.43843 5.89605
      vertex 7.64309 9.43843 0.00000
    endloop
  endfacet
  facet normal 0.277548 0.960712 0.000000
    outer loop
      vertex 7.47821 9.48606 5.78245
      vertex 7.64309 9.43843 0.00000
      vertex 7.47821 9.48606 0.00000
    endloop
  endfacet
  facet normal 0.228265 0.973599 0.000000
    outer loop
      vertex 7.39375 9.50586 5.72061
      vertex 7.47821 9.48606 5.78245
      vertex 7.47821 9.48606 0.00000
    endloop
  endfacet
  facet normal 0.228264 0.973599 0.000000
    outer loop
      vertex 7.30930 9.52566 5.65877
      vertex 7.39375 9.50586 5.72061
      vertex 7.39375 9.50586 0.00000
    endloop
  endfacet
  facet normal 0.228265 0.973599 0.000000
    outer loop
      vertex 7.39375 9.50586 5.72061
      vertex 7.47821 9.48606 0.00000
      vertex 7.39375 9.50586 0.00000
    endloop
  endfacet
  facet normal 0.228264 0.973599 0.000000
    outer loop
      vertex 7.30930 9.52566 5.65877
      vertex 7.39375 9.50586 0.00000
      vertex 7.30930 9.52566 0.00000
    endloop
  endfacet
  facet normal 0.180657 0.983546 0.000000
    outer loop
      vertex 7.13681 9.55735 5.52600
      vertex 7.30930 9.52566 5.65877
      vertex 7.30930 9.52566 0.00000
    endloop
  endfacet
  facet normal 0.180657 0.983546 0.000000
    outer loop
      vertex 7.13681 9.55735 5.52600
      vertex 7.30930 9.52566 0.00000
      vertex 7.13681 9.55735 0.00000
    endloop
  endfacet
  facet normal 0.134962 0.990851 0.000000
    outer loop
      vertex 7.04900 9.56931 5.45558
      vertex 7.13681 9.55735 5.52600
      vertex 7.13681 9.55735 0.00000
    endloop
  endfacet
  facet normal 0.134952 0.990852 0.000000
    outer loop
      vertex 6.96120 9.58127 5.38515
      vertex 7.04900 9.56931 5.45558
      vertex 7.04900 9.56931 0.00000
    endloop
  endfacet
  facet normal 0.134962 0.990851 0.000000
    outer loop
      vertex 7.04900 9.56931 5.45558
      vertex 7.13681 9.55735 0.00000
      vertex 7.04900 9.56931 0.00000
    endloop
  endfacet
  facet normal 0.134952 0.990852 0.000000
    outer loop
      vertex 6.96120 9.58127 5.38515
      vertex 7.04900 9.56931 0.00000
      vertex 6.96120 9.58127 0.00000
    endloop
  endfacet
  facet normal 0.091339 0.995820 0.000000
    outer loop
      vertex 6.78293 9.59762 5.23728
      vertex 6.96120 9.58127 5.38515
      vertex 6.96120 9.58127 0.00000
    endloop
  endfacet
  facet normal 0.091339 0.995820 0.000000
    outer loop
      vertex 6.78293 9.59762 5.23728
      vertex 6.96120 9.58127 0.00000
      vertex 6.78293 9.59762 0.00000
    endloop
  endfacet
  facet normal 0.049944 0.998752 0.000000
    outer loop
      vertex 6.60246 9.60664 5.08343
      vertex 6.78293 9.59762 5.23728
      vertex 6.78293 9.59762 0.00000
    endloop
  endfacet
  facet normal 0.049944 0.998752 0.000000
    outer loop
      vertex 6.60246 9.60664 5.08343
      vertex 6.78293 9.59762 0.00000
      vertex 6.60246 9.60664 0.00000
    endloop
  endfacet
  facet normal 0.010859 0.999941 0.000000
    outer loop
      vertex 6.51137 9.60763 5.00405
      vertex 6.60246 9.60664 5.08343
      vertex 6.60246 9.60664 0.00000
    endloop
  endfacet
  facet normal 0.010870 0.999941 0.000000
    outer loop
      vertex 6.42027 9.60862 4.92467
      vertex 6.51137 9.60763 5.00405
      vertex 6.51137 9.60763 0.00000
    endloop
  endfacet
  facet normal 0.010859 0.999941 0.000000
    outer loop
      vertex 6.51137 9.60763 5.00405
      vertex 6.60246 9.60664 0.00000
      vertex 6.51137 9.60763 0.00000
    endloop
  endfacet
  facet normal 0.010870 0.999941 0.000000
    outer loop
      vertex 6.42027 9.60862 4.92467
      vertex 6.51137 9.60763 0.00000
      vertex 6.42027 9.60862 0.00000
    endloop
  endfacet
  facet normal -0.025827 0.999666 0.000000
    outer loop
      vertex 6.23683 9.60388 4.76204
      vertex 6.42027 9.60862 4.92467
      vertex 6.42027 9.60862 0.00000
    endloop
  endfacet
  facet normal -0.025827 0.999666 0.000000
    outer loop
      vertex 6.23683 9.60388 4.76204
      vertex 6.42027 9.60862 0.00000
      vertex 6.23683 9.60388 0.00000
    endloop
  endfacet
  facet normal -0.060076 0.998194 0.000000
    outer loop
      vertex 6.14472 9.59834 4.67929
      vertex 6.23683 9.60388 4.76204
      vertex 6.23683 9.60388 0.00000
    endloop
  endfacet
  facet normal -0.060076 0.998194 0.000000
    outer loop
      vertex 6.05260 9.59279 4.59654
      vertex 6.14472 9.59834 4.67929
      vertex 6.14472 9.59834 0.00000
    endloop
  endfacet
  facet normal -0.060076 0.998194 0.000000
    outer loop
      vertex 6.14472 9.59834 4.67929
      vertex 6.23683 9.60388 0.00000
      vertex 6.14472 9.59834 0.00000
    endloop
  endfacet
  facet normal -0.060076 0.998194 0.000000
    outer loop
      vertex 6.05260 9.59279 4.59654
      vertex 6.14472 9.59834 0.00000
      vertex 6.05260 9.59279 0.00000
    endloop
  endfacet
  facet normal -0.091826 0.995775 0.000000
    outer loop
      vertex 5.96032 9.58428 4.51283
      vertex 6.05260 9.59279 4.59654
      vertex 6.05260 9.59279 0.00000
    endloop
  endfacet
  facet normal -0.091837 0.995774 0.000000
    outer loop
      vertex 5.86804 9.57577 4.42911
      vertex 5.96032 9.58428 4.51283
      vertex 5.96032 9.58428 0.00000
    endloop
  endfacet
  facet normal -0.091826 0.995775 0.000000
    outer loop
      vertex 5.96032 9.58428 4.51283
      vertex 6.05260 9.59279 0.00000
      vertex 5.96032 9.58428 0.00000
    endloop
  endfacet
  facet normal -0.091837 0.995774 0.000000
    outer loop
      vertex 5.86804 9.57577 4.42911
      vertex 5.96032 9.58428 0.00000
      vertex 5.86804 9.57577 0.00000
    endloop
  endfacet
  facet normal -0.121049 0.992646 0.000000
    outer loop
      vertex 5.68361 9.55328 4.26066
      vertex 5.86804 9.57577 4.42911
      vertex 5.86804 9.57577 0.00000
    endloop
  endfacet
  facet normal -0.121049 0.992646 0.000000
    outer loop
      vertex 5.68361 9.55328 4.26066
      vertex 5.86804 9.57577 0.00000
      vertex 5.68361 9.55328 0.00000
    endloop
  endfacet
  facet normal -0.147664 0.989038 0.000000
    outer loop
      vertex 5.49974 9.52583 4.09198
      vertex 5.68361 9.55328 4.26066
      vertex 5.68361 9.55328 0.00000
    endloop
  endfacet
  facet normal -0.147664 0.989038 0.000000
    outer loop
      vertex 5.49974 9.52583 4.09198
      vertex 5.68361 9.55328 0.00000
      vertex 5.49974 9.52583 0.00000
    endloop
  endfacet
  facet normal -0.171577 0.985171 0.000000
    outer loop
      vertex 5.31689 9.49399 3.92378
      vertex 5.49974 9.52583 4.09198
      vertex 5.49974 9.52583 0.00000
    endloop
  endfacet
  facet normal -0.171577 0.985171 0.000000
    outer loop
      vertex 5.31689 9.49399 3.92378
      vertex 5.49974 9.52583 0.00000
      vertex 5.31689 9.49399 0.00000
    endloop
  endfacet
  facet normal -0.192654 0.981267 0.000000
    outer loop
      vertex 5.22618 9.47618 3.84023
      vertex 5.31689 9.49399 3.92378
      vertex 5.31689 9.49399 0.00000
    endloop
  endfacet
  facet normal -0.192665 0.981265 0.000000
    outer loop
      vertex 5.13547 9.45837 3.75668
      vertex 5.22618 9.47618 3.84023
      vertex 5.22618 9.47618 0.00000
    endloop
  endfacet
  facet normal -0.192654 0.981267 0.000000
    outer loop
      vertex 5.22618 9.47618 3.84023
      vertex 5.31689 9.49399 0.00000
      vertex 5.22618 9.47618 0.00000
    endloop
  endfacet
  facet normal -0.192665 0.981265 0.000000
    outer loop
      vertex 5.13547 9.45837 3.75668
      vertex 5.22618 9.47618 0.00000
      vertex 5.13547 9.45837 0.00000
    endloop
  endfacet
  facet normal -0.210676 0.977556 0.000000
    outer loop
      vertex 4.95593 9.41967 3.59114
      vertex 5.13547 9.45837 3.75668
      vertex 5.13547 9.45837 0.00000
    endloop
  endfacet
  facet normal -0.210676 0.977556 0.000000
    outer loop
      vertex 4.95593 9.41967 3.59114
      vertex 5.13547 9.45837 0.00000
      vertex 4.95593 9.41967 0.00000
    endloop
  endfacet
  facet normal -0.225308 0.974288 0.000000
    outer loop
      vertex 4.86730 9.39918 3.50932
      vertex 4.95593 9.41967 3.59114
      vertex 4.95593 9.41967 0.00000
    endloop
  endfacet
  facet normal -0.225307 0.974288 0.000000
    outer loop
      vertex 4.77868 9.37868 3.42750
      vertex 4.86730 9.39918 3.50932
      vertex 4.86730 9.39918 0.00000
    endloop
  endfacet
  facet normal -0.225308 0.974288 0.000000
    outer loop
      vertex 4.86730 9.39918 3.50932
      vertex 4.95593 9.41967 0.00000
      vertex 4.86730 9.39918 0.00000
    endloop
  endfacet
  facet normal -0.225307 0.974288 0.000000
    outer loop
      vertex 4.77868 9.37868 3.42750
      vertex 4.86730 9.39918 0.00000
      vertex 4.77868 9.37868 0.00000
    endloop
  endfacet
  facet normal -0.236017 0.971749 0.000000
    outer loop
      vertex 4.69141 9.35749 3.34672
      vertex 4.77868 9.37868 3.42750
      vertex 4.77868 9.37868 0.00000
    endloop
  endfacet
  facet normal -0.236006 0.971751 0.000000
    outer loop
      vertex 4.60415 9.33629 3.26593
      vertex 4.69141 9.35749 3.34672
      vertex 4.69141 9.35749 0.00000
    endloop
  endfacet
  facet normal -0.236017 0.971749 0.000000
    outer loop
      vertex 4.69141 9.35749 3.34672
      vertex 4.77868 9.37868 0.00000
      vertex 4.69141 9.35749 0.00000
    endloop
  endfacet
  facet normal -0.236006 0.971751 0.000000
    outer loop
      vertex 4.60415 9.33629 3.26593
      vertex 4.69141 9.35749 0.00000
      vertex 4.60415 9.33629 0.00000
    endloop
  endfacet
  facet normal -0.241894 0.970303 0.000000
    outer loop
      vertex 4.51848 9.31494 3.18614
      vertex 4.60415 9.33629 3.26593
      vertex 4.60415 9.33629 0.00000
    endloop
  endfacet
  facet normal -0.241894 0.970303 0.000000
    outer loop
      vertex 4.43281 9.29358 3.10636
      vertex 4.51848 9.31494 3.18614
      vertex 4.51848 9.31494 0.00000
    endloop
  endfacet
  facet normal -0.241894 0.970303 0.000000
    outer loop
      vertex 4.51848 9.31494 3.18614
      vertex 4.60415 9.33629 0.00000
      vertex 4.51848 9.31494 0.00000
    endloop
  endfacet
  facet normal -0.241894 0.970303 0.000000
    outer loop
      vertex 4.43281 9.29358 3.10636
      vertex 4.51848 9.31494 0.00000
      vertex 4.43281 9.29358 0.00000
    endloop
  endfacet
  facet normal -0.241342 0.970440 0.000000
    outer loop
      vertex 4.26518 9.25189 2.94847
      vertex 4.43281 9.29358 3.10636
      vertex 4.43281 9.29358 0.00000
    endloop
  endfacet
  facet normal -0.241342 0.970440 0.000000
    outer loop
      vertex 4.26518 9.25189 2.94847
      vertex 4.43281 9.29358 0.00000
      vertex 4.26518 9.25189 0.00000
    endloop
  endfacet
  facet normal -0.231081 0.972934 0.000000
    outer loop
      vertex 4.18356 9.23251 2.86999
      vertex 4.26518 9.25189 2.94847
      vertex 4.26518 9.25189 0.00000
    endloop
  endfacet
  facet normal -0.231070 0.972937 0.000000
    outer loop
      vertex 4.10195 9.21312 2.79151
      vertex 4.18356 9.23251 2.86999
      vertex 4.18356 9.23251 0.00000
    endloop
  endfacet
  facet normal -0.231081 0.972934 0.000000
    outer loop
      vertex 4.18356 9.23251 2.86999
      vertex 4.26518 9.25189 0.00000
      vertex 4.18356 9.23251 0.00000
    endloop
  endfacet
  facet normal -0.231070 0.972937 0.000000
    outer loop
      vertex 4.10195 9.21312 2.79151
      vertex 4.18356 9.23251 0.00000
      vertex 4.10195 9.21312 0.00000
    endloop
  endfacet
  facet normal -0.202519 0.979278 0.000000
    outer loop
      vertex 3.94426 9.18051 2.63385
      vertex 4.10195 9.21312 2.79151
      vertex 4.10195 9.21312 0.00000
    endloop
  endfacet
  facet normal -0.202519 0.979278 0.000000
    outer loop
      vertex 3.94426 9.18051 2.63385
      vertex 4.10195 9.21312 0.00000
      vertex 3.94426 9.18051 0.00000
    endloop
  endfacet
  facet normal -0.104976 0.994475 0.000000
    outer loop
      vertex 3.87024 9.17270 2.55193
      vertex 3.94426 9.18051 2.63385
      vertex 3.94426 9.18051 0.00000
    endloop
  endfacet
  facet normal -0.104989 0.994473 0.000000
    outer loop
      vertex 3.79622 9.16488 2.47000
      vertex 3.87024 9.17270 2.55193
      vertex 3.87024 9.17270 0.00000
    endloop
  endfacet
  facet normal -0.104976 0.994475 0.000000
    outer loop
      vertex 3.87024 9.17270 2.55193
      vertex 3.94426 9.18051 0.00000
      vertex 3.87024 9.17270 0.00000
    endloop
  endfacet
  facet normal -0.104989 0.994473 0.000000
    outer loop
      vertex 3.79622 9.16488 2.47000
      vertex 3.87024 9.17270 0.00000
      vertex 3.79622 9.16488 0.00000
    endloop
  endfacet
endsolid glazing
